#! /usr/bin/vvp
:ivl_version "12.0 (stable)";
:ivl_delay_selection "TYPICAL";
:vpi_time_precision + 0;
:vpi_module "/usr/lib/x86_64-linux-gnu/ivl/system.vpi";
:vpi_module "/usr/lib/x86_64-linux-gnu/ivl/vhdl_sys.vpi";
:vpi_module "/usr/lib/x86_64-linux-gnu/ivl/vhdl_textio.vpi";
:vpi_module "/usr/lib/x86_64-linux-gnu/ivl/v2005_math.vpi";
:vpi_module "/usr/lib/x86_64-linux-gnu/ivl/va_math.vpi";
:vpi_module "/usr/lib/x86_64-linux-gnu/ivl/v2009.vpi";
S_0x5cb31a919500 .scope package, "$unit" "$unit" 2 1;
 .timescale 0 0;
S_0x5cb31a8f2b30 .scope module, "test" "test" 3 1;
 .timescale 0 0;
v0x5cb31a94ed90_0 .var "cts", 0 0;
v0x5cb31a94ee50_0 .net "intrr_rx", 0 0, v0x5cb31a94d060_0;  1 drivers
v0x5cb31a94eef0_0 .net "intrr_tx", 0 0, v0x5cb31a94d120_0;  1 drivers
v0x5cb31a94ef90_0 .var "paddr", 4 0;
v0x5cb31a94f030_0 .var "pclk", 0 0;
v0x5cb31a94f120_0 .var "penable", 0 0;
v0x5cb31a94f1c0_0 .net "prdata", 31 0, v0x5cb31a94da60_0;  1 drivers
v0x5cb31a94f260_0 .net "pready", 0 0, v0x5cb31a94db40_0;  1 drivers
v0x5cb31a94f300_0 .var "preset", 0 0;
v0x5cb31a94f3a0_0 .var "psel", 0 0;
v0x5cb31a94f440_0 .net "pslverr", 0 0, v0x5cb31a94dd60_0;  1 drivers
v0x5cb31a94f4e0_0 .var "pwdata", 31 0;
v0x5cb31a94f580_0 .var "pwrite", 0 0;
v0x5cb31a94f620_0 .net "rts", 0 0, v0x5cb31a94e2b0_0;  1 drivers
v0x5cb31a94f6f0_0 .var "rx", 0 0;
v0x5cb31a94f790_0 .net "tx", 0 0, L_0x5cb31a958190;  1 drivers
S_0x5cb31a90ab50 .scope module, "dut" "apb_uart" 3 23, 4 1 0, S_0x5cb31a8f2b30;
 .timescale 0 0;
    .port_info 0 /INPUT 1 "preset";
    .port_info 1 /INPUT 1 "pclk";
    .port_info 2 /INPUT 1 "penable";
    .port_info 3 /INPUT 1 "pwrite";
    .port_info 4 /INPUT 1 "psel";
    .port_info 5 /INPUT 5 "paddr";
    .port_info 6 /INPUT 32 "pwdata";
    .port_info 7 /OUTPUT 1 "pready";
    .port_info 8 /OUTPUT 1 "pslverr";
    .port_info 9 /OUTPUT 32 "prdata";
    .port_info 10 /INPUT 1 "rx";
    .port_info 11 /INPUT 1 "cts";
    .port_info 12 /OUTPUT 1 "rts";
    .port_info 13 /OUTPUT 1 "intrr_rx";
    .port_info 14 /OUTPUT 1 "intrr_tx";
    .port_info 15 /OUTPUT 1 "tx";
v0x5cb31a94c830_0 .net "baud_uart", 8 0, L_0x5cb31a959400;  1 drivers
v0x5cb31a94ca20_0 .net "busy_tx", 0 0, v0x5cb31a93fc70_0;  1 drivers
v0x5cb31a94cae0_0 .net "cts", 0 0, v0x5cb31a94ed90_0;  1 drivers
v0x5cb31a94cb80_0 .net "data_in_tx", 7 0, L_0x5cb31a9594e0;  1 drivers
v0x5cb31a94cc20_0 .net "data_out_rx", 7 0, v0x5cb31a9384d0_0;  1 drivers
v0x5cb31a94cce0_0 .net "enable_uart", 0 0, L_0x5cb31a959070;  1 drivers
v0x5cb31a94cda0_0 .var "fifo_tx_wr", 0 0;
v0x5cb31a94ce40_0 .net "frame_err", 0 0, v0x5cb31a9314b0_0;  1 drivers
v0x5cb31a94cee0_0 .net "full_tx", 0 0, v0x5cb31a942760_0;  1 drivers
v0x5cb31a94cf80_0 .var/i "i", 31 0;
v0x5cb31a94d060_0 .var "intrr_rx", 0 0;
v0x5cb31a94d120_0 .var "intrr_tx", 0 0;
v0x5cb31a94d1e0_0 .net "nr_empty_rx", 0 0, v0x5cb31a935360_0;  1 drivers
v0x5cb31a94d280_0 .net "nr_empty_tx", 0 0, v0x5cb31a9430c0_0;  1 drivers
v0x5cb31a94d320_0 .net "nr_full_rx", 0 0, v0x5cb31a935420_0;  1 drivers
v0x5cb31a94d3c0_0 .net "nr_full_tx", 0 0, v0x5cb31a943180_0;  1 drivers
v0x5cb31a94d460_0 .net "overrun_err", 0 0, v0x5cb31a9317d0_0;  1 drivers
v0x5cb31a94d610_0 .net "paddr", 4 0, v0x5cb31a94ef90_0;  1 drivers
v0x5cb31a94d6f0_0 .net "parity_en_uart", 0 0, L_0x5cb31a959200;  1 drivers
v0x5cb31a94d790_0 .net "parity_err", 0 0, v0x5cb31a931a10_0;  1 drivers
v0x5cb31a94d880_0 .net "parity_odd_uart", 0 0, L_0x5cb31a9592d0;  1 drivers
v0x5cb31a94d920_0 .net "pclk", 0 0, v0x5cb31a94f030_0;  1 drivers
v0x5cb31a94d9c0_0 .net "penable", 0 0, v0x5cb31a94f120_0;  1 drivers
v0x5cb31a94da60_0 .var "prdata", 31 0;
v0x5cb31a94db40_0 .var "pready", 0 0;
v0x5cb31a94dc00_0 .net "preset", 0 0, v0x5cb31a94f300_0;  1 drivers
v0x5cb31a94dca0_0 .net "psel", 0 0, v0x5cb31a94f3a0_0;  1 drivers
v0x5cb31a94dd60_0 .var "pslverr", 0 0;
v0x5cb31a94de20_0 .net "pwdata", 31 0, v0x5cb31a94f4e0_0;  1 drivers
v0x5cb31a94df00_0 .net "pwrite", 0 0, v0x5cb31a94f580_0;  1 drivers
v0x5cb31a94dfc0_0 .net "reg_no", 2 0, L_0x5cb31a958f80;  1 drivers
v0x5cb31a94e0a0 .array "regfile", 0 7, 31 0;
v0x5cb31a94e2b0_0 .var "rts", 0 0;
v0x5cb31a94e580_0 .net "rx", 0 0, v0x5cb31a94f6f0_0;  1 drivers
v0x5cb31a94e670_0 .net "tx", 0 0, L_0x5cb31a958190;  alias, 1 drivers
v0x5cb31a94e710_0 .net "tx_rx_mode", 0 0, L_0x5cb31a959110;  1 drivers
L_0x5cb31a958f80 .part v0x5cb31a94ef90_0, 2, 3;
v0x5cb31a94e0a0_0 .array/port v0x5cb31a94e0a0, 0;
L_0x5cb31a959070 .part v0x5cb31a94e0a0_0, 0, 1;
L_0x5cb31a959110 .part v0x5cb31a94e0a0_0, 8, 1;
L_0x5cb31a959200 .part v0x5cb31a94e0a0_0, 16, 1;
L_0x5cb31a9592d0 .part v0x5cb31a94e0a0_0, 24, 1;
v0x5cb31a94e0a0_2 .array/port v0x5cb31a94e0a0, 2;
L_0x5cb31a959400 .part v0x5cb31a94e0a0_2, 0, 9;
v0x5cb31a94e0a0_3 .array/port v0x5cb31a94e0a0, 3;
L_0x5cb31a9594e0 .part v0x5cb31a94e0a0_3, 0, 8;
S_0x5cb31a911130 .scope module, "receiver" "top_rx" 4 77, 5 32 0, S_0x5cb31a90ab50;
 .timescale 0 0;
    .port_info 0 /INPUT 1 "clk";
    .port_info 1 /INPUT 1 "rst";
    .port_info 2 /INPUT 1 "en";
    .port_info 3 /INPUT 1 "rx";
    .port_info 4 /INPUT 1 "parity_en";
    .port_info 5 /INPUT 1 "parity_odd";
    .port_info 6 /INPUT 9 "div";
    .port_info 7 /OUTPUT 8 "data_out";
    .port_info 8 /OUTPUT 1 "nr_full";
    .port_info 9 /OUTPUT 1 "nr_empty";
    .port_info 10 /OUTPUT 1 "frame_error";
    .port_info 11 /OUTPUT 1 "parity_error";
    .port_info 12 /OUTPUT 1 "overrun_error";
P_0x5cb31a925fe0 .param/l "DEPTH" 0 5 32, +C4<00000000000000000000000000001000>;
P_0x5cb31a926020 .param/l "N" 0 5 34, +C4<00000000000000000000000000000011>;
P_0x5cb31a926060 .param/l "WIDTH" 0 5 33, +C4<00000000000000000000000000001000>;
v0x5cb31a93dee0_0 .net "bit_count", 3 0, v0x5cb31a932ec0_0;  1 drivers
v0x5cb31a93dfc0_0 .net "calculated_parity", 0 0, L_0x5cb31a958e00;  1 drivers
v0x5cb31a93e080_0 .net "clk", 0 0, v0x5cb31a94f030_0;  alias, 1 drivers
v0x5cb31a93e120_0 .net "clr_shiftreg", 0 0, v0x5cb31a905240_0;  1 drivers
v0x5cb31a93e1c0_0 .net "data_out", 7 0, v0x5cb31a9384d0_0;  alias, 1 drivers
v0x5cb31a93e260_0 .net "div", 8 0, L_0x5cb31a959400;  alias, 1 drivers
v0x5cb31a93e300_0 .net "edge_detect", 0 0, v0x5cb31a93cc10_0;  1 drivers
v0x5cb31a93e3a0_0 .net "empty", 0 0, v0x5cb31a934810_0;  1 drivers
v0x5cb31a93e440_0 .net "en", 0 0, v0x5cb31a94f120_0;  alias, 1 drivers
v0x5cb31a93e600_0 .net "frame_error", 0 0, v0x5cb31a9314b0_0;  alias, 1 drivers
v0x5cb31a93e6a0_0 .net "full", 0 0, v0x5cb31a934950_0;  1 drivers
v0x5cb31a93e740_0 .net "latch", 0 0, v0x5cb31a931630_0;  1 drivers
v0x5cb31a93e7e0_0 .net "nr_empty", 0 0, v0x5cb31a935360_0;  alias, 1 drivers
v0x5cb31a93e880_0 .net "nr_full", 0 0, v0x5cb31a935420_0;  alias, 1 drivers
v0x5cb31a93e920_0 .net "overrun_error", 0 0, v0x5cb31a9317d0_0;  alias, 1 drivers
v0x5cb31a93e9c0_0 .net "parity_bit", 0 0, v0x5cb31a93cf30_0;  1 drivers
v0x5cb31a93ea60_0 .net "parity_en", 0 0, L_0x5cb31a959200;  alias, 1 drivers
v0x5cb31a93ec10_0 .net "parity_error", 0 0, v0x5cb31a931a10_0;  alias, 1 drivers
v0x5cb31a93ecb0_0 .net "parity_odd", 0 0, L_0x5cb31a9592d0;  alias, 1 drivers
v0x5cb31a93ed50_0 .net "rd", 0 0, v0x5cb31a931c70_0;  1 drivers
v0x5cb31a93edf0_0 .net "rst", 0 0, v0x5cb31a94f300_0;  alias, 1 drivers
v0x5cb31a93ee90_0 .net "rx", 0 0, v0x5cb31a94f6f0_0;  alias, 1 drivers
v0x5cb31a93ef30_0 .net "sample_bit", 0 0, v0x5cb31a931df0_0;  1 drivers
v0x5cb31a93efd0_0 .net "sample_count", 3 0, v0x5cb31a933400_0;  1 drivers
v0x5cb31a93f070_0 .net "start", 0 0, v0x5cb31a93d830_0;  1 drivers
v0x5cb31a93f110_0 .net "stop", 0 0, v0x5cb31a93d8d0_0;  1 drivers
v0x5cb31a93f200_0 .net "wr", 0 0, v0x5cb31a932110_0;  1 drivers
S_0x5cb31a9109c0 .scope module, "ctrl" "control_path_rx" 5 58, 6 33 0, S_0x5cb31a911130;
 .timescale 0 0;
    .port_info 0 /INPUT 1 "clk";
    .port_info 1 /INPUT 1 "rst";
    .port_info 2 /INPUT 1 "en";
    .port_info 3 /INPUT 1 "parity_en";
    .port_info 4 /INPUT 1 "parity_odd";
    .port_info 5 /INPUT 9 "div";
    .port_info 6 /INPUT 1 "start";
    .port_info 7 /INPUT 1 "stop";
    .port_info 8 /INPUT 4 "bit_count";
    .port_info 9 /INPUT 4 "sample_count";
    .port_info 10 /INPUT 1 "full";
    .port_info 11 /INPUT 1 "empty";
    .port_info 12 /INPUT 1 "calculated_parity";
    .port_info 13 /INPUT 1 "parity_bit";
    .port_info 14 /INPUT 1 "edge_detect";
    .port_info 15 /OUTPUT 1 "rd";
    .port_info 16 /OUTPUT 1 "wr";
    .port_info 17 /OUTPUT 1 "sample_bit";
    .port_info 18 /OUTPUT 1 "clr_shiftreg";
    .port_info 19 /OUTPUT 1 "frame_error";
    .port_info 20 /OUTPUT 1 "parity_error";
    .port_info 21 /OUTPUT 1 "overrun_error";
    .port_info 22 /OUTPUT 1 "latch";
P_0x5cb31a801050 .param/l "DEPTH" 0 6 33, +C4<00000000000000000000000000001000>;
P_0x5cb31a801090 .param/l "FRAME" 1 6 62, C4<010>;
P_0x5cb31a8010d0 .param/l "IDLE" 1 6 62, C4<000>;
P_0x5cb31a801110 .param/l "N" 0 6 35, +C4<00000000000000000000000000000011>;
P_0x5cb31a801150 .param/l "OVERRUN" 1 6 62, C4<100>;
P_0x5cb31a801190 .param/l "PARITY" 1 6 62, C4<011>;
P_0x5cb31a8011d0 .param/l "PUSH" 1 6 62, C4<101>;
P_0x5cb31a801210 .param/l "SAMPLE" 1 6 62, C4<001>;
P_0x5cb31a801250 .param/l "WIDTH" 0 6 34, +C4<00000000000000000000000000001000>;
v0x5cb31a902a90_0 .net "bit_count", 3 0, v0x5cb31a932ec0_0;  alias, 1 drivers
v0x5cb31a903330_0 .net "calculated_parity", 0 0, L_0x5cb31a958e00;  alias, 1 drivers
v0x5cb31a9033d0_0 .net "clk", 0 0, v0x5cb31a94f030_0;  alias, 1 drivers
v0x5cb31a905240_0 .var "clr_shiftreg", 0 0;
v0x5cb31a905710_0 .net "div", 8 0, L_0x5cb31a959400;  alias, 1 drivers
v0x5cb31a908570_0 .net "edge_detect", 0 0, v0x5cb31a93cc10_0;  alias, 1 drivers
v0x5cb31a908670_0 .net "empty", 0 0, v0x5cb31a934810_0;  alias, 1 drivers
v0x5cb31a9313f0_0 .net "en", 0 0, v0x5cb31a94f120_0;  alias, 1 drivers
v0x5cb31a9314b0_0 .var "frame_error", 0 0;
v0x5cb31a931570_0 .net "full", 0 0, v0x5cb31a934950_0;  alias, 1 drivers
v0x5cb31a931630_0 .var "latch", 0 0;
v0x5cb31a9316f0_0 .var "ns", 2 0;
v0x5cb31a9317d0_0 .var "overrun_error", 0 0;
v0x5cb31a931890_0 .net "parity_bit", 0 0, v0x5cb31a93cf30_0;  alias, 1 drivers
v0x5cb31a931950_0 .net "parity_en", 0 0, L_0x5cb31a959200;  alias, 1 drivers
v0x5cb31a931a10_0 .var "parity_error", 0 0;
v0x5cb31a931ad0_0 .net "parity_odd", 0 0, L_0x5cb31a9592d0;  alias, 1 drivers
v0x5cb31a931b90_0 .var "ps", 2 0;
v0x5cb31a931c70_0 .var "rd", 0 0;
v0x5cb31a931d30_0 .net "rst", 0 0, v0x5cb31a94f300_0;  alias, 1 drivers
v0x5cb31a931df0_0 .var "sample_bit", 0 0;
v0x5cb31a931eb0_0 .net "sample_count", 3 0, v0x5cb31a933400_0;  alias, 1 drivers
v0x5cb31a931f90_0 .net "start", 0 0, v0x5cb31a93d830_0;  alias, 1 drivers
v0x5cb31a932050_0 .net "stop", 0 0, v0x5cb31a93d8d0_0;  alias, 1 drivers
v0x5cb31a932110_0 .var "wr", 0 0;
E_0x5cb31a7e3df0/0 .event anyedge, v0x5cb31a931b90_0, v0x5cb31a931eb0_0, v0x5cb31a932050_0, v0x5cb31a931890_0;
E_0x5cb31a7e3df0/1 .event anyedge, v0x5cb31a903330_0, v0x5cb31a931570_0, v0x5cb31a931f90_0, v0x5cb31a9317d0_0;
E_0x5cb31a7e3df0/2 .event anyedge, v0x5cb31a908670_0;
E_0x5cb31a7e3df0 .event/or E_0x5cb31a7e3df0/0, E_0x5cb31a7e3df0/1, E_0x5cb31a7e3df0/2;
E_0x5cb31a7e4ad0/0 .event anyedge, v0x5cb31a931b90_0, v0x5cb31a908570_0, v0x5cb31a902a90_0, v0x5cb31a9314b0_0;
E_0x5cb31a7e4ad0/1 .event anyedge, v0x5cb31a931a10_0;
E_0x5cb31a7e4ad0 .event/or E_0x5cb31a7e4ad0/0, E_0x5cb31a7e4ad0/1;
E_0x5cb31a7e6ff0 .event posedge, v0x5cb31a931d30_0, v0x5cb31a9033d0_0;
S_0x5cb31a9324b0 .scope module, "dat" "data_path_rx" 5 89, 7 46 0, S_0x5cb31a911130;
 .timescale 0 0;
    .port_info 0 /INPUT 1 "clk";
    .port_info 1 /INPUT 1 "en";
    .port_info 2 /INPUT 1 "parity_en";
    .port_info 3 /INPUT 1 "parity_odd";
    .port_info 4 /INPUT 9 "div";
    .port_info 5 /INPUT 1 "latch";
    .port_info 6 /INPUT 1 "rst";
    .port_info 7 /INPUT 1 "rx";
    .port_info 8 /INPUT 1 "wr";
    .port_info 9 /INPUT 1 "rd";
    .port_info 10 /INPUT 1 "sample_bit";
    .port_info 11 /INPUT 1 "clr_shiftreg";
    .port_info 12 /OUTPUT 1 "nr_full";
    .port_info 13 /OUTPUT 1 "full";
    .port_info 14 /OUTPUT 4 "bit_count";
    .port_info 15 /OUTPUT 4 "sample_count";
    .port_info 16 /OUTPUT 1 "empty";
    .port_info 17 /OUTPUT 1 "start";
    .port_info 18 /OUTPUT 1 "stop";
    .port_info 19 /OUTPUT 1 "nr_empty";
    .port_info 20 /OUTPUT 1 "en_counter";
    .port_info 21 /OUTPUT 1 "calculated_parity";
    .port_info 22 /OUTPUT 1 "parity_bit";
    .port_info 23 /OUTPUT 8 "data_out";
P_0x5cb31a8e3190 .param/l "DEPTH" 0 7 46, +C4<00000000000000000000000000001000>;
P_0x5cb31a8e31d0 .param/l "N" 0 7 48, +C4<00000000000000000000000000000011>;
P_0x5cb31a8e3210 .param/l "WIDTH" 0 7 47, +C4<00000000000000000000000000001000>;
v0x5cb31a93c430_0 .net "bit_count", 3 0, v0x5cb31a932ec0_0;  alias, 1 drivers
v0x5cb31a93c510_0 .net "calculated_parity", 0 0, L_0x5cb31a958e00;  alias, 1 drivers
v0x5cb31a93c5d0_0 .net "clk", 0 0, v0x5cb31a94f030_0;  alias, 1 drivers
v0x5cb31a93c670_0 .net "clr_shiftreg", 0 0, v0x5cb31a905240_0;  alias, 1 drivers
v0x5cb31a93c760_0 .var "data_byte", 7 0;
v0x5cb31a93c8e0_0 .net "data_out", 7 0, v0x5cb31a9384d0_0;  alias, 1 drivers
v0x5cb31a93c980_0 .net "div", 8 0, L_0x5cb31a959400;  alias, 1 drivers
v0x5cb31a93ca40_0 .net "empty", 0 0, v0x5cb31a934810_0;  alias, 1 drivers
v0x5cb31a93cae0_0 .net "en", 0 0, v0x5cb31a94f120_0;  alias, 1 drivers
v0x5cb31a93cc10_0 .var "en_counter", 0 0;
v0x5cb31a93ccb0_0 .net "full", 0 0, v0x5cb31a934950_0;  alias, 1 drivers
v0x5cb31a93cd50_0 .net "latch", 0 0, v0x5cb31a931630_0;  alias, 1 drivers
v0x5cb31a93cdf0_0 .net "nr_empty", 0 0, v0x5cb31a935360_0;  alias, 1 drivers
v0x5cb31a93ce90_0 .net "nr_full", 0 0, v0x5cb31a935420_0;  alias, 1 drivers
v0x5cb31a93cf30_0 .var "parity_bit", 0 0;
v0x5cb31a93cfd0_0 .net "parity_en", 0 0, L_0x5cb31a959200;  alias, 1 drivers
v0x5cb31a93d0c0_0 .net "parity_odd", 0 0, L_0x5cb31a9592d0;  alias, 1 drivers
v0x5cb31a93d2c0_0 .net "raw_byte", 10 0, v0x5cb31a93c060_0;  1 drivers
v0x5cb31a93d360_0 .net "rd", 0 0, v0x5cb31a931c70_0;  alias, 1 drivers
v0x5cb31a93d400_0 .net "rst", 0 0, v0x5cb31a94f300_0;  alias, 1 drivers
v0x5cb31a93d5b0_0 .net "rx", 0 0, v0x5cb31a94f6f0_0;  alias, 1 drivers
v0x5cb31a93d650_0 .net "sample_bit", 0 0, v0x5cb31a931df0_0;  alias, 1 drivers
v0x5cb31a93d740_0 .net "sample_count", 3 0, v0x5cb31a933400_0;  alias, 1 drivers
v0x5cb31a93d830_0 .var "start", 0 0;
v0x5cb31a93d8d0_0 .var "stop", 0 0;
v0x5cb31a93d970_0 .var "sync", 0 0;
v0x5cb31a93da10_0 .var "sync_rx", 0 0;
v0x5cb31a93dab0_0 .net "wr", 0 0, v0x5cb31a932110_0;  alias, 1 drivers
S_0x5cb31a9329a0 .scope module, "bc1" "baud_counter_rx" 7 195, 7 240 0, S_0x5cb31a9324b0;
 .timescale 0 0;
    .port_info 0 /INPUT 9 "div_baud";
    .port_info 1 /INPUT 1 "clk_baud";
    .port_info 2 /INPUT 1 "rst_baud";
    .port_info 3 /INPUT 1 "en_counter_baud";
    .port_info 4 /OUTPUT 4 "bit_count";
    .port_info 5 /OUTPUT 4 "sample_count_16";
v0x5cb31a932c20_0 .net *"_ivl_0", 8 0, L_0x5cb31a958980;  1 drivers
v0x5cb31a932d20_0 .net *"_ivl_2", 4 0, L_0x5cb31a9588e0;  1 drivers
L_0x7e484ba9d1c8 .functor BUFT 1, C4<0000>, C4<0>, C4<0>, C4<0>;
v0x5cb31a932e00_0 .net *"_ivl_4", 3 0, L_0x7e484ba9d1c8;  1 drivers
v0x5cb31a932ec0_0 .var "bit_count", 3 0;
v0x5cb31a932f80_0 .net "clk_baud", 0 0, v0x5cb31a94f030_0;  alias, 1 drivers
v0x5cb31a933070_0 .var "clk_per_sample", 4 0;
v0x5cb31a933110_0 .net "div_baud", 8 0, L_0x5cb31a959400;  alias, 1 drivers
v0x5cb31a9331d0_0 .net "div_by_16", 4 0, L_0x5cb31a958ac0;  1 drivers
v0x5cb31a933290_0 .net "en_counter_baud", 0 0, v0x5cb31a93cc10_0;  alias, 1 drivers
v0x5cb31a933330_0 .net "rst_baud", 0 0, v0x5cb31a94f300_0;  alias, 1 drivers
v0x5cb31a933400_0 .var "sample_count_16", 3 0;
L_0x5cb31a9588e0 .part L_0x5cb31a959400, 4, 5;
L_0x5cb31a958980 .concat [ 5 4 0 0], L_0x5cb31a9588e0, L_0x7e484ba9d1c8;
L_0x5cb31a958ac0 .part L_0x5cb31a958980, 0, 5;
S_0x5cb31a933550 .scope module, "fifo" "top" 7 177, 8 1 0, S_0x5cb31a9324b0;
 .timescale 0 0;
    .port_info 0 /INPUT 1 "clk_wr";
    .port_info 1 /INPUT 1 "clk_rd";
    .port_info 2 /INPUT 1 "rd";
    .port_info 3 /INPUT 1 "wr";
    .port_info 4 /INPUT 1 "clr";
    .port_info 5 /INPUT 1 "en";
    .port_info 6 /INPUT 8 "data_in";
    .port_info 7 /OUTPUT 1 "full";
    .port_info 8 /OUTPUT 1 "nr_full";
    .port_info 9 /OUTPUT 1 "empty";
    .port_info 10 /OUTPUT 1 "nr_empty";
    .port_info 11 /OUTPUT 8 "data_out";
P_0x5cb31a8e4b80 .param/l "DEPTH" 0 8 1, +C4<00000000000000000000000000001000>;
P_0x5cb31a8e4bc0 .param/l "N" 0 8 3, +C4<00000000000000000000000000000011>;
P_0x5cb31a8e4c00 .param/l "WIDTH" 0 8 2, +C4<00000000000000000000000000001000>;
v0x5cb31a93a070_0 .net "bin_adrs_rd", 3 0, v0x5cb31a937380_0;  1 drivers
v0x5cb31a93a150_0 .net "bin_adrs_wr", 3 0, v0x5cb31a936490_0;  1 drivers
v0x5cb31a93a210_0 .net "clk_rd", 0 0, v0x5cb31a94f030_0;  alias, 1 drivers
v0x5cb31a93a2b0_0 .net "clk_wr", 0 0, v0x5cb31a94f030_0;  alias, 1 drivers
v0x5cb31a93a350_0 .net "clr", 0 0, v0x5cb31a94f300_0;  alias, 1 drivers
v0x5cb31a93a3f0_0 .net "data_in", 7 0, v0x5cb31a93c760_0;  1 drivers
v0x5cb31a93a490_0 .net "data_out", 7 0, v0x5cb31a9384d0_0;  alias, 1 drivers
v0x5cb31a93a5a0_0 .net "empty", 0 0, v0x5cb31a934810_0;  alias, 1 drivers
v0x5cb31a93a640_0 .net "en", 0 0, v0x5cb31a94f120_0;  alias, 1 drivers
v0x5cb31a93a6e0_0 .net "full", 0 0, v0x5cb31a934950_0;  alias, 1 drivers
v0x5cb31a93a780_0 .net "gray_adrs_rd", 3 0, L_0x5cb31a9587e0;  1 drivers
v0x5cb31a93a840_0 .net "gray_adrs_wr", 3 0, L_0x5cb31a958500;  1 drivers
v0x5cb31a93a900_0 .net "nr_empty", 0 0, v0x5cb31a935360_0;  alias, 1 drivers
v0x5cb31a93aa30_0 .net "nr_full", 0 0, v0x5cb31a935420_0;  alias, 1 drivers
v0x5cb31a93ab60_0 .net "rd", 0 0, v0x5cb31a931c70_0;  alias, 1 drivers
v0x5cb31a93ac90_0 .net "rd_en", 0 0, v0x5cb31a9354e0_0;  1 drivers
v0x5cb31a93adc0_0 .net "wr", 0 0, v0x5cb31a932110_0;  alias, 1 drivers
v0x5cb31a93af70_0 .net "wr_en", 0 0, v0x5cb31a935670_0;  1 drivers
S_0x5cb31a9339b0 .scope module, "ctrl" "control" 8 36, 9 1 0, S_0x5cb31a933550;
 .timescale 0 0;
    .port_info 0 /INPUT 1 "clk_rd";
    .port_info 1 /INPUT 1 "clk_wr";
    .port_info 2 /INPUT 1 "en";
    .port_info 3 /INPUT 1 "clr";
    .port_info 4 /INPUT 1 "wr";
    .port_info 5 /INPUT 4 "gray_adrs_wr";
    .port_info 6 /INPUT 4 "gray_adrs_rd";
    .port_info 7 /INPUT 4 "bin_adrs_wr";
    .port_info 8 /INPUT 4 "bin_adrs_rd";
    .port_info 9 /OUTPUT 1 "full";
    .port_info 10 /OUTPUT 1 "nr_full";
    .port_info 11 /OUTPUT 1 "empty";
    .port_info 12 /OUTPUT 1 "nr_empty";
    .port_info 13 /OUTPUT 1 "rd_en";
    .port_info 14 /OUTPUT 1 "wr_en";
P_0x5cb31a8e4a80 .param/l "DEPTH" 0 9 1, +C4<00000000000000000000000000001000>;
P_0x5cb31a8e4ac0 .param/l "N" 0 9 3, +C4<00000000000000000000000000000011>;
P_0x5cb31a8e4b00 .param/l "WIDTH" 0 9 2, +C4<00000000000000000000000000001000>;
v0x5cb31a934040_0 .net "bin_adrs_rd", 3 0, v0x5cb31a937380_0;  alias, 1 drivers
v0x5cb31a934120_0 .net "bin_adrs_wr", 3 0, v0x5cb31a936490_0;  alias, 1 drivers
v0x5cb31a934200_0 .var "bin_nxt_rd", 3 0;
v0x5cb31a9342f0_0 .var "bin_nxt_wr", 3 0;
v0x5cb31a9343d0_0 .var "bin_syn_rd", 3 0;
v0x5cb31a934500_0 .var "bin_syn_wr", 3 0;
v0x5cb31a9345e0_0 .net "clk_rd", 0 0, v0x5cb31a94f030_0;  alias, 1 drivers
v0x5cb31a9346d0_0 .net "clk_wr", 0 0, v0x5cb31a94f030_0;  alias, 1 drivers
v0x5cb31a934770_0 .net "clr", 0 0, v0x5cb31a94f300_0;  alias, 1 drivers
v0x5cb31a934810_0 .var "empty", 0 0;
v0x5cb31a9348b0_0 .net "en", 0 0, v0x5cb31a94f120_0;  alias, 1 drivers
v0x5cb31a934950_0 .var "full", 0 0;
v0x5cb31a9349f0_0 .var "g_rd", 3 0;
v0x5cb31a934a90_0 .var "g_syn_rd", 3 0;
v0x5cb31a934b50_0 .var "g_syn_wr", 3 0;
v0x5cb31a934c30_0 .var "g_wr", 3 0;
v0x5cb31a934d10_0 .net "gray_adrs_rd", 3 0, L_0x5cb31a9587e0;  alias, 1 drivers
v0x5cb31a934f00_0 .net "gray_adrs_wr", 3 0, L_0x5cb31a958500;  alias, 1 drivers
v0x5cb31a934fe0_0 .var "gray_nxt_rd", 3 0;
v0x5cb31a9350c0_0 .var "gray_nxt_wr", 3 0;
v0x5cb31a9351a0_0 .var/i "i", 31 0;
v0x5cb31a935280_0 .var/i "j", 31 0;
v0x5cb31a935360_0 .var "nr_empty", 0 0;
v0x5cb31a935420_0 .var "nr_full", 0 0;
v0x5cb31a9354e0_0 .var "rd_en", 0 0;
v0x5cb31a9355a0_0 .net "wr", 0 0, v0x5cb31a932110_0;  alias, 1 drivers
v0x5cb31a935670_0 .var "wr_en", 0 0;
E_0x5cb31a7cd880 .event posedge, v0x5cb31a9033d0_0;
E_0x5cb31a92caf0 .event anyedge, v0x5cb31a934040_0, v0x5cb31a934200_0;
E_0x5cb31a933ee0 .event anyedge, v0x5cb31a934b50_0, v0x5cb31a934500_0;
E_0x5cb31a933f40 .event anyedge, v0x5cb31a934120_0, v0x5cb31a935670_0, v0x5cb31a932110_0, v0x5cb31a9342f0_0;
E_0x5cb31a933fe0 .event anyedge, v0x5cb31a934a90_0, v0x5cb31a9343d0_0;
S_0x5cb31a9358f0 .scope module, "dat" "data" 8 14, 10 1 0, S_0x5cb31a933550;
 .timescale 0 0;
    .port_info 0 /INPUT 1 "clk_wr";
    .port_info 1 /INPUT 1 "clk_rd";
    .port_info 2 /INPUT 1 "full";
    .port_info 3 /INPUT 1 "empty";
    .port_info 4 /INPUT 1 "nr_full";
    .port_info 5 /INPUT 1 "nr_empty";
    .port_info 6 /INPUT 1 "wr";
    .port_info 7 /INPUT 1 "rd";
    .port_info 8 /INPUT 1 "clr";
    .port_info 9 /INPUT 1 "wr_en";
    .port_info 10 /INPUT 1 "rd_en";
    .port_info 11 /INPUT 8 "data_in";
    .port_info 12 /OUTPUT 8 "data_out";
    .port_info 13 /OUTPUT 4 "gray_adrs_wr";
    .port_info 14 /OUTPUT 4 "gray_adrs_rd";
    .port_info 15 /OUTPUT 4 "bin_adrs_wr";
    .port_info 16 /OUTPUT 4 "bin_adrs_rd";
P_0x5cb31a9247c0 .param/l "DEPTH" 0 10 1, +C4<00000000000000000000000000001000>;
P_0x5cb31a924800 .param/l "N" 0 10 3, +C4<00000000000000000000000000000011>;
P_0x5cb31a924840 .param/l "WIDTH" 0 10 2, +C4<00000000000000000000000000001000>;
v0x5cb31a938e70_0 .net "bin_adrs_rd", 3 0, v0x5cb31a937380_0;  alias, 1 drivers
v0x5cb31a938fa0_0 .net "bin_adrs_wr", 3 0, v0x5cb31a936490_0;  alias, 1 drivers
v0x5cb31a9390b0_0 .net "clk_rd", 0 0, v0x5cb31a94f030_0;  alias, 1 drivers
v0x5cb31a939260_0 .net "clk_wr", 0 0, v0x5cb31a94f030_0;  alias, 1 drivers
v0x5cb31a939300_0 .net "clr", 0 0, v0x5cb31a94f300_0;  alias, 1 drivers
v0x5cb31a9393f0_0 .net "data_in", 7 0, v0x5cb31a93c760_0;  alias, 1 drivers
v0x5cb31a939490_0 .net "data_out", 7 0, v0x5cb31a9384d0_0;  alias, 1 drivers
v0x5cb31a939530_0 .net "empty", 0 0, v0x5cb31a934810_0;  alias, 1 drivers
v0x5cb31a9395d0_0 .net "full", 0 0, v0x5cb31a934950_0;  alias, 1 drivers
v0x5cb31a939790_0 .net "gray_adrs_rd", 3 0, L_0x5cb31a9587e0;  alias, 1 drivers
v0x5cb31a939830_0 .net "gray_adrs_wr", 3 0, L_0x5cb31a958500;  alias, 1 drivers
v0x5cb31a9398f0_0 .net "nr_empty", 0 0, v0x5cb31a935360_0;  alias, 1 drivers
v0x5cb31a939990_0 .net "nr_full", 0 0, v0x5cb31a935420_0;  alias, 1 drivers
v0x5cb31a939a30_0 .net "rd", 0 0, v0x5cb31a931c70_0;  alias, 1 drivers
v0x5cb31a939ad0_0 .net "rd_en", 0 0, v0x5cb31a9354e0_0;  alias, 1 drivers
v0x5cb31a939b70_0 .net "wr", 0 0, v0x5cb31a932110_0;  alias, 1 drivers
v0x5cb31a939ca0_0 .net "wr_en", 0 0, v0x5cb31a935670_0;  alias, 1 drivers
L_0x5cb31a958230 .part v0x5cb31a937380_0, 0, 3;
L_0x5cb31a9582d0 .part v0x5cb31a936490_0, 0, 3;
S_0x5cb31a935e10 .scope module, "ptr1" "wr_ptr" 10 32, 10 84 0, S_0x5cb31a9358f0;
 .timescale 0 0;
    .port_info 0 /INPUT 1 "wr";
    .port_info 1 /INPUT 1 "clk_wr";
    .port_info 2 /INPUT 1 "clr";
    .port_info 3 /INPUT 1 "wr_en";
    .port_info 4 /INPUT 1 "full";
    .port_info 5 /INPUT 1 "nr_full";
    .port_info 6 /OUTPUT 4 "gray_adrs_wr";
    .port_info 7 /OUTPUT 4 "bin_adrs_wr";
P_0x5cb31a9246c0 .param/l "DEPTH" 0 10 85, +C4<00000000000000000000000000001000>;
P_0x5cb31a924700 .param/l "N" 0 10 87, +C4<00000000000000000000000000000011>;
P_0x5cb31a924740 .param/l "WIDTH" 0 10 86, +C4<00000000000000000000000000001000>;
L_0x5cb31a958500 .functor XOR 4, v0x5cb31a936490_0, L_0x5cb31a958410, C4<0000>, C4<0000>;
v0x5cb31a9361c0_0 .net *"_ivl_0", 3 0, L_0x5cb31a958410;  1 drivers
v0x5cb31a9362c0_0 .net *"_ivl_2", 2 0, L_0x5cb31a958370;  1 drivers
L_0x7e484ba9d138 .functor BUFT 1, C4<0>, C4<0>, C4<0>, C4<0>;
v0x5cb31a9363a0_0 .net *"_ivl_4", 0 0, L_0x7e484ba9d138;  1 drivers
v0x5cb31a936490_0 .var "bin_adrs_wr", 3 0;
v0x5cb31a936580_0 .net "clk_wr", 0 0, v0x5cb31a94f030_0;  alias, 1 drivers
v0x5cb31a936670_0 .net "clr", 0 0, v0x5cb31a94f300_0;  alias, 1 drivers
v0x5cb31a936710_0 .net "full", 0 0, v0x5cb31a934950_0;  alias, 1 drivers
v0x5cb31a9367b0_0 .net "gray_adrs_wr", 3 0, L_0x5cb31a958500;  alias, 1 drivers
v0x5cb31a936850_0 .net "nr_full", 0 0, v0x5cb31a935420_0;  alias, 1 drivers
v0x5cb31a9368f0_0 .net "wr", 0 0, v0x5cb31a932110_0;  alias, 1 drivers
v0x5cb31a936990_0 .net "wr_en", 0 0, v0x5cb31a935670_0;  alias, 1 drivers
L_0x5cb31a958370 .part v0x5cb31a936490_0, 1, 3;
L_0x5cb31a958410 .concat [ 3 1 0 0], L_0x5cb31a958370, L_0x7e484ba9d138;
S_0x5cb31a936b20 .scope module, "ptr2" "rd_ptr" 10 45, 10 108 0, S_0x5cb31a9358f0;
 .timescale 0 0;
    .port_info 0 /INPUT 1 "rd";
    .port_info 1 /INPUT 1 "clk_rd";
    .port_info 2 /INPUT 1 "clr";
    .port_info 3 /INPUT 1 "rd_en";
    .port_info 4 /INPUT 1 "empty";
    .port_info 5 /INPUT 1 "nr_empty";
    .port_info 6 /OUTPUT 4 "gray_adrs_rd";
    .port_info 7 /OUTPUT 4 "bin_adrs_rd";
P_0x5cb31a936cd0 .param/l "DEPTH" 0 10 109, +C4<00000000000000000000000000001000>;
P_0x5cb31a936d10 .param/l "N" 0 10 111, +C4<00000000000000000000000000000011>;
P_0x5cb31a936d50 .param/l "WIDTH" 0 10 110, +C4<00000000000000000000000000001000>;
L_0x5cb31a9587e0 .functor XOR 4, v0x5cb31a937380_0, L_0x5cb31a9586a0, C4<0000>, C4<0000>;
v0x5cb31a9370d0_0 .net *"_ivl_0", 3 0, L_0x5cb31a9586a0;  1 drivers
v0x5cb31a9371b0_0 .net *"_ivl_2", 2 0, L_0x5cb31a958600;  1 drivers
L_0x7e484ba9d180 .functor BUFT 1, C4<0>, C4<0>, C4<0>, C4<0>;
v0x5cb31a937290_0 .net *"_ivl_4", 0 0, L_0x7e484ba9d180;  1 drivers
v0x5cb31a937380_0 .var "bin_adrs_rd", 3 0;
v0x5cb31a937470_0 .net "clk_rd", 0 0, v0x5cb31a94f030_0;  alias, 1 drivers
v0x5cb31a937560_0 .net "clr", 0 0, v0x5cb31a94f300_0;  alias, 1 drivers
v0x5cb31a937600_0 .net "empty", 0 0, v0x5cb31a934810_0;  alias, 1 drivers
v0x5cb31a9376a0_0 .net "gray_adrs_rd", 3 0, L_0x5cb31a9587e0;  alias, 1 drivers
v0x5cb31a937740_0 .net "nr_empty", 0 0, v0x5cb31a935360_0;  alias, 1 drivers
v0x5cb31a937870_0 .net "rd", 0 0, v0x5cb31a931c70_0;  alias, 1 drivers
v0x5cb31a937940_0 .net "rd_en", 0 0, v0x5cb31a9354e0_0;  alias, 1 drivers
L_0x5cb31a958600 .part v0x5cb31a937380_0, 1, 3;
L_0x5cb31a9586a0 .concat [ 3 1 0 0], L_0x5cb31a958600, L_0x7e484ba9d180;
S_0x5cb31a937a90 .scope module, "str" "memo" 10 13, 10 58 0, S_0x5cb31a9358f0;
 .timescale 0 0;
    .port_info 0 /INPUT 1 "clk_rd";
    .port_info 1 /INPUT 1 "clk_wr";
    .port_info 2 /INPUT 1 "wr";
    .port_info 3 /INPUT 1 "rd";
    .port_info 4 /INPUT 1 "full";
    .port_info 5 /INPUT 1 "nr_full";
    .port_info 6 /INPUT 1 "empty";
    .port_info 7 /INPUT 1 "nr_empty";
    .port_info 8 /INPUT 1 "rd_en";
    .port_info 9 /INPUT 1 "wr_en";
    .port_info 10 /INPUT 8 "data_in";
    .port_info 11 /OUTPUT 8 "data_out";
    .port_info 12 /INPUT 3 "adrs_rd";
    .port_info 13 /INPUT 3 "adrs_wr";
P_0x5cb31a937c50 .param/l "DEPTH" 0 10 58, +C4<00000000000000000000000000001000>;
P_0x5cb31a937c90 .param/l "N" 0 10 60, +C4<00000000000000000000000000000011>;
P_0x5cb31a937cd0 .param/l "WIDTH" 0 10 59, +C4<00000000000000000000000000001000>;
v0x5cb31a938090_0 .net "adrs_rd", 2 0, L_0x5cb31a958230;  1 drivers
v0x5cb31a938170_0 .net "adrs_wr", 2 0, L_0x5cb31a9582d0;  1 drivers
v0x5cb31a938250_0 .net "clk_rd", 0 0, v0x5cb31a94f030_0;  alias, 1 drivers
v0x5cb31a938320_0 .net "clk_wr", 0 0, v0x5cb31a94f030_0;  alias, 1 drivers
v0x5cb31a9383c0_0 .net "data_in", 7 0, v0x5cb31a93c760_0;  alias, 1 drivers
v0x5cb31a9384d0_0 .var "data_out", 7 0;
v0x5cb31a9385b0_0 .net "empty", 0 0, v0x5cb31a934810_0;  alias, 1 drivers
v0x5cb31a938650_0 .net "full", 0 0, v0x5cb31a934950_0;  alias, 1 drivers
v0x5cb31a9386f0_0 .net "nr_empty", 0 0, v0x5cb31a935360_0;  alias, 1 drivers
v0x5cb31a938790_0 .net "nr_full", 0 0, v0x5cb31a935420_0;  alias, 1 drivers
v0x5cb31a938880_0 .net "rd", 0 0, v0x5cb31a931c70_0;  alias, 1 drivers
v0x5cb31a938970_0 .net "rd_en", 0 0, v0x5cb31a9354e0_0;  alias, 1 drivers
v0x5cb31a938a60 .array "regfile", 7 0, 7 0;
v0x5cb31a938b20_0 .net "wr", 0 0, v0x5cb31a932110_0;  alias, 1 drivers
v0x5cb31a938bc0_0 .net "wr_en", 0 0, v0x5cb31a935670_0;  alias, 1 drivers
S_0x5cb31a93b190 .scope module, "p1" "parity_rx" 7 207, 7 288 0, S_0x5cb31a9324b0;
 .timescale 0 0;
    .port_info 0 /INPUT 8 "in";
    .port_info 1 /INPUT 1 "parity_en_parity";
    .port_info 2 /INPUT 1 "parity_odd_parity";
    .port_info 3 /OUTPUT 1 "par_bit_parity";
L_0x5cb31a958c50 .functor NOT 1, L_0x5cb31a958bb0, C4<0>, C4<0>, C4<0>;
v0x5cb31a93b320_0 .net *"_ivl_2", 0 0, L_0x5cb31a958c50;  1 drivers
v0x5cb31a93b400_0 .net *"_ivl_4", 0 0, L_0x5cb31a958d10;  1 drivers
L_0x7e484ba9d210 .functor BUFT 1, C4<0>, C4<0>, C4<0>, C4<0>;
v0x5cb31a93b4e0_0 .net/2u *"_ivl_6", 0 0, L_0x7e484ba9d210;  1 drivers
v0x5cb31a93b5a0_0 .net "in", 7 0, v0x5cb31a93c760_0;  alias, 1 drivers
v0x5cb31a93b660_0 .net "par_bit_parity", 0 0, L_0x5cb31a958e00;  alias, 1 drivers
v0x5cb31a93b700_0 .net "parity_calc", 0 0, L_0x5cb31a958bb0;  1 drivers
v0x5cb31a93b7a0_0 .net "parity_en_parity", 0 0, L_0x5cb31a959200;  alias, 1 drivers
v0x5cb31a93b840_0 .net "parity_odd_parity", 0 0, L_0x5cb31a9592d0;  alias, 1 drivers
L_0x5cb31a958bb0 .reduce/xor v0x5cb31a93c760_0;
L_0x5cb31a958d10 .functor MUXZ 1, L_0x5cb31a958bb0, L_0x5cb31a958c50, L_0x5cb31a9592d0, C4<>;
L_0x5cb31a958e00 .functor MUXZ 1, L_0x7e484ba9d210, L_0x5cb31a958d10, L_0x5cb31a959200, C4<>;
S_0x5cb31a93b920 .scope module, "po1" "sipo_rx" 7 217, 7 318 0, S_0x5cb31a9324b0;
 .timescale 0 0;
    .port_info 0 /INPUT 1 "serial_in";
    .port_info 1 /INPUT 1 "shift_en_sipo";
    .port_info 2 /INPUT 1 "rst_sipo";
    .port_info 3 /INPUT 1 "clr_shiftreg_sipo";
    .port_info 4 /INPUT 1 "clk_sipo";
    .port_info 5 /INPUT 4 "bit_count_sipo";
    .port_info 6 /OUTPUT 11 "shift_reg_sipo";
v0x5cb31a93bba0_0 .net "bit_count_sipo", 3 0, v0x5cb31a932ec0_0;  alias, 1 drivers
v0x5cb31a93bc80_0 .net "clk_sipo", 0 0, v0x5cb31a94f030_0;  alias, 1 drivers
v0x5cb31a93bd40_0 .net "clr_shiftreg_sipo", 0 0, v0x5cb31a905240_0;  alias, 1 drivers
v0x5cb31a93bde0_0 .net "rst_sipo", 0 0, v0x5cb31a94f300_0;  alias, 1 drivers
v0x5cb31a93be80_0 .net "serial_in", 0 0, v0x5cb31a93da10_0;  1 drivers
v0x5cb31a93bf20_0 .net "shift_en_sipo", 0 0, v0x5cb31a931df0_0;  alias, 1 drivers
v0x5cb31a93bfc0_0 .var "shift_pulse", 0 0;
v0x5cb31a93c060_0 .var "shift_reg_sipo", 10 0;
v0x5cb31a93c100_0 .var "sync1", 0 0;
v0x5cb31a93c250_0 .var "sync2", 0 0;
S_0x5cb31a93f3e0 .scope module, "transmitter" "top_tx" 4 61, 11 22 0, S_0x5cb31a90ab50;
 .timescale 0 0;
    .port_info 0 /INPUT 1 "clk";
    .port_info 1 /INPUT 1 "wr";
    .port_info 2 /INPUT 1 "parity_en";
    .port_info 3 /INPUT 1 "parity_odd";
    .port_info 4 /INPUT 1 "en";
    .port_info 5 /INPUT 1 "rst";
    .port_info 6 /INPUT 8 "data_in";
    .port_info 7 /INPUT 9 "div";
    .port_info 8 /OUTPUT 1 "tx";
    .port_info 9 /OUTPUT 1 "busy";
    .port_info 10 /OUTPUT 1 "nr_full";
    .port_info 11 /OUTPUT 1 "nr_empty";
    .port_info 12 /OUTPUT 1 "full";
P_0x5cb31a8e3090 .param/l "DEPTH" 0 11 22, +C4<00000000000000000000000000001000>;
P_0x5cb31a8e30d0 .param/l "N" 0 11 24, +C4<00000000000000000000000000000011>;
P_0x5cb31a8e3110 .param/l "WIDTH" 0 11 23, +C4<00000000000000000000000000001000>;
v0x5cb31a94b9e0_0 .net "busy", 0 0, v0x5cb31a93fc70_0;  alias, 1 drivers
v0x5cb31a94baa0_0 .net "clk", 0 0, v0x5cb31a94f030_0;  alias, 1 drivers
v0x5cb31a94bb40_0 .net "count", 8 0, v0x5cb31a940e90_0;  1 drivers
v0x5cb31a94bbe0_0 .net "data_in", 7 0, L_0x5cb31a9594e0;  alias, 1 drivers
v0x5cb31a94bc80_0 .net "div", 8 0, L_0x5cb31a959400;  alias, 1 drivers
v0x5cb31a94bd40_0 .net "empty", 0 0, v0x5cb31a942620_0;  1 drivers
v0x5cb31a94bde0_0 .net "en", 0 0, v0x5cb31a94f120_0;  alias, 1 drivers
v0x5cb31a94be80_0 .net "full", 0 0, v0x5cb31a942760_0;  alias, 1 drivers
v0x5cb31a94bf20_0 .net "ld_data", 0 0, v0x5cb31a940100_0;  1 drivers
v0x5cb31a94c050_0 .net "nr_empty", 0 0, v0x5cb31a9430c0_0;  alias, 1 drivers
v0x5cb31a94c0f0_0 .net "nr_full", 0 0, v0x5cb31a943180_0;  alias, 1 drivers
v0x5cb31a94c190_0 .net "parity_en", 0 0, L_0x5cb31a959200;  alias, 1 drivers
v0x5cb31a94c230_0 .net "parity_odd", 0 0, L_0x5cb31a9592d0;  alias, 1 drivers
v0x5cb31a94c2d0_0 .net "rd", 0 0, v0x5cb31a9401c0_0;  1 drivers
v0x5cb31a94c370_0 .net "rst", 0 0, v0x5cb31a94f300_0;  alias, 1 drivers
v0x5cb31a94c410_0 .net "shift_en", 0 0, v0x5cb31a9403b0_0;  1 drivers
v0x5cb31a94c4b0_0 .net "tx", 0 0, L_0x5cb31a958190;  alias, 1 drivers
v0x5cb31a94c660_0 .net "wr", 0 0, v0x5cb31a94cda0_0;  1 drivers
S_0x5cb31a93f6d0 .scope module, "ctrl" "control_path_tx" 11 69, 12 24 0, S_0x5cb31a93f3e0;
 .timescale 0 0;
    .port_info 0 /INPUT 1 "clk";
    .port_info 1 /INPUT 1 "rst";
    .port_info 2 /INPUT 1 "empty";
    .port_info 3 /INPUT 1 "en";
    .port_info 4 /INPUT 9 "count";
    .port_info 5 /INPUT 9 "div";
    .port_info 6 /OUTPUT 1 "rd";
    .port_info 7 /OUTPUT 1 "ld_data";
    .port_info 8 /OUTPUT 1 "busy";
    .port_info 9 /OUTPUT 1 "shift_en";
P_0x5cb31a93f8b0 .param/l "DEPTH" 0 12 24, +C4<00000000000000000000000000001000>;
P_0x5cb31a93f8f0 .param/l "N" 0 12 26, +C4<00000000000000000000000000000011>;
P_0x5cb31a93f930 .param/l "WIDTH" 0 12 25, +C4<00000000000000000000000000001000>;
v0x5cb31a93fb70_0 .var "bit_count", 3 0;
v0x5cb31a93fc70_0 .var "busy", 0 0;
v0x5cb31a93fd30_0 .net "clk", 0 0, v0x5cb31a94f030_0;  alias, 1 drivers
v0x5cb31a93fdd0_0 .net "count", 8 0, v0x5cb31a940e90_0;  alias, 1 drivers
v0x5cb31a93fe90_0 .net "div", 8 0, L_0x5cb31a959400;  alias, 1 drivers
v0x5cb31a93ffa0_0 .net "empty", 0 0, v0x5cb31a942620_0;  alias, 1 drivers
v0x5cb31a940060_0 .net "en", 0 0, v0x5cb31a94f120_0;  alias, 1 drivers
v0x5cb31a940100_0 .var "ld_data", 0 0;
v0x5cb31a9401c0_0 .var "rd", 0 0;
v0x5cb31a940310_0 .net "rst", 0 0, v0x5cb31a94f300_0;  alias, 1 drivers
v0x5cb31a9403b0_0 .var "shift_en", 0 0;
S_0x5cb31a940610 .scope module, "dat" "data_path_tx" 11 44, 13 42 0, S_0x5cb31a93f3e0;
 .timescale 0 0;
    .port_info 0 /INPUT 1 "clk";
    .port_info 1 /INPUT 1 "rst";
    .port_info 2 /INPUT 1 "ld_data";
    .port_info 3 /INPUT 1 "shift_en";
    .port_info 4 /INPUT 1 "parity_en";
    .port_info 5 /INPUT 1 "parity_odd";
    .port_info 6 /INPUT 9 "div";
    .port_info 7 /INPUT 8 "data_in";
    .port_info 8 /INPUT 1 "rd";
    .port_info 9 /INPUT 1 "wr";
    .port_info 10 /INPUT 1 "fifo_en";
    .port_info 11 /OUTPUT 1 "nr_full";
    .port_info 12 /OUTPUT 1 "full";
    .port_info 13 /OUTPUT 1 "empty";
    .port_info 14 /OUTPUT 1 "nr_empty";
    .port_info 15 /OUTPUT 9 "count";
    .port_info 16 /OUTPUT 1 "tx";
P_0x5cb31a9407c0 .param/l "DEPTH" 0 13 42, +C4<00000000000000000000000000001000>;
P_0x5cb31a940800 .param/l "N" 0 13 44, +C4<00000000000000000000000000000011>;
P_0x5cb31a940840 .param/l "WIDTH" 0 13 43, +C4<00000000000000000000000000001000>;
v0x5cb31a94a960_0 .net "clk", 0 0, v0x5cb31a94f030_0;  alias, 1 drivers
v0x5cb31a94aa20_0 .net "count", 8 0, v0x5cb31a940e90_0;  alias, 1 drivers
v0x5cb31a94aae0_0 .net "data_in", 7 0, L_0x5cb31a9594e0;  alias, 1 drivers
v0x5cb31a94ab80_0 .net "div", 8 0, L_0x5cb31a959400;  alias, 1 drivers
v0x5cb31a94ac40_0 .net "empty", 0 0, v0x5cb31a942620_0;  alias, 1 drivers
v0x5cb31a94ace0_0 .net "fifo_en", 0 0, v0x5cb31a94f120_0;  alias, 1 drivers
v0x5cb31a94ae90_0 .net "full", 0 0, v0x5cb31a942760_0;  alias, 1 drivers
v0x5cb31a94af30_0 .net "ld_data", 0 0, v0x5cb31a940100_0;  alias, 1 drivers
v0x5cb31a94afd0_0 .net "nr_empty", 0 0, v0x5cb31a9430c0_0;  alias, 1 drivers
v0x5cb31a94b070_0 .net "nr_full", 0 0, v0x5cb31a943180_0;  alias, 1 drivers
v0x5cb31a94b110_0 .net "parity_en", 0 0, L_0x5cb31a959200;  alias, 1 drivers
v0x5cb31a94b1b0_0 .net "parity_odd", 0 0, L_0x5cb31a9592d0;  alias, 1 drivers
v0x5cb31a94b250_0 .net "parity_w", 0 0, L_0x5cb31a957f40;  1 drivers
v0x5cb31a94b2f0_0 .net "r1", 7 0, v0x5cb31a9464e0_0;  1 drivers
v0x5cb31a94b3b0_0 .net "rd", 0 0, v0x5cb31a9401c0_0;  alias, 1 drivers
v0x5cb31a94b450_0 .net "rst", 0 0, v0x5cb31a94f300_0;  alias, 1 drivers
v0x5cb31a94b4f0_0 .net "shift_en", 0 0, v0x5cb31a9403b0_0;  alias, 1 drivers
v0x5cb31a94b6a0_0 .net "tx", 0 0, L_0x5cb31a958190;  alias, 1 drivers
v0x5cb31a94b740_0 .net "wr", 0 0, v0x5cb31a94cda0_0;  alias, 1 drivers
S_0x5cb31a940c10 .scope module, "c1" "baud_counter" 13 93, 13 130 0, S_0x5cb31a940610;
 .timescale 0 0;
    .port_info 0 /INPUT 9 "div";
    .port_info 1 /INPUT 1 "clk";
    .port_info 2 /INPUT 1 "rst";
    .port_info 3 /OUTPUT 9 "count";
v0x5cb31a940dd0_0 .net "clk", 0 0, v0x5cb31a94f030_0;  alias, 1 drivers
v0x5cb31a940e90_0 .var "count", 8 0;
v0x5cb31a940f80_0 .net "div", 8 0, L_0x5cb31a959400;  alias, 1 drivers
v0x5cb31a941050_0 .net "rst", 0 0, v0x5cb31a94f300_0;  alias, 1 drivers
S_0x5cb31a941180 .scope module, "fifo" "top" 13 75, 8 1 0, S_0x5cb31a940610;
 .timescale 0 0;
    .port_info 0 /INPUT 1 "clk_wr";
    .port_info 1 /INPUT 1 "clk_rd";
    .port_info 2 /INPUT 1 "rd";
    .port_info 3 /INPUT 1 "wr";
    .port_info 4 /INPUT 1 "clr";
    .port_info 5 /INPUT 1 "en";
    .port_info 6 /INPUT 8 "data_in";
    .port_info 7 /OUTPUT 1 "full";
    .port_info 8 /OUTPUT 1 "nr_full";
    .port_info 9 /OUTPUT 1 "empty";
    .port_info 10 /OUTPUT 1 "nr_empty";
    .port_info 11 /OUTPUT 8 "data_out";
P_0x5cb31a941380 .param/l "DEPTH" 0 8 1, +C4<00000000000000000000000000001000>;
P_0x5cb31a9413c0 .param/l "N" 0 8 3, +C4<00000000000000000000000000000011>;
P_0x5cb31a941400 .param/l "WIDTH" 0 8 2, +C4<00000000000000000000000000001000>;
v0x5cb31a947f80_0 .net "bin_adrs_rd", 3 0, v0x5cb31a9453d0_0;  1 drivers
v0x5cb31a948060_0 .net "bin_adrs_wr", 3 0, v0x5cb31a9444b0_0;  1 drivers
v0x5cb31a948120_0 .net "clk_rd", 0 0, v0x5cb31a94f030_0;  alias, 1 drivers
v0x5cb31a9481c0_0 .net "clk_wr", 0 0, v0x5cb31a94f030_0;  alias, 1 drivers
v0x5cb31a948260_0 .net "clr", 0 0, v0x5cb31a94f300_0;  alias, 1 drivers
v0x5cb31a948560_0 .net "data_in", 7 0, L_0x5cb31a9594e0;  alias, 1 drivers
v0x5cb31a948650_0 .net "data_out", 7 0, v0x5cb31a9464e0_0;  alias, 1 drivers
v0x5cb31a948760_0 .net "empty", 0 0, v0x5cb31a942620_0;  alias, 1 drivers
v0x5cb31a948800_0 .net "en", 0 0, v0x5cb31a94f120_0;  alias, 1 drivers
v0x5cb31a9488a0_0 .net "full", 0 0, v0x5cb31a942760_0;  alias, 1 drivers
v0x5cb31a9489d0_0 .net "gray_adrs_rd", 3 0, L_0x5cb31a957b80;  1 drivers
v0x5cb31a948a90_0 .net "gray_adrs_wr", 3 0, L_0x5cb31a9050e0;  1 drivers
v0x5cb31a948b50_0 .net "nr_empty", 0 0, v0x5cb31a9430c0_0;  alias, 1 drivers
v0x5cb31a948c80_0 .net "nr_full", 0 0, v0x5cb31a943180_0;  alias, 1 drivers
v0x5cb31a948db0_0 .net "rd", 0 0, v0x5cb31a9401c0_0;  alias, 1 drivers
v0x5cb31a948ee0_0 .net "rd_en", 0 0, v0x5cb31a943240_0;  1 drivers
v0x5cb31a949010_0 .net "wr", 0 0, v0x5cb31a94cda0_0;  alias, 1 drivers
v0x5cb31a9490b0_0 .net "wr_en", 0 0, v0x5cb31a9433c0_0;  1 drivers
S_0x5cb31a941760 .scope module, "ctrl" "control" 8 36, 9 1 0, S_0x5cb31a941180;
 .timescale 0 0;
    .port_info 0 /INPUT 1 "clk_rd";
    .port_info 1 /INPUT 1 "clk_wr";
    .port_info 2 /INPUT 1 "en";
    .port_info 3 /INPUT 1 "clr";
    .port_info 4 /INPUT 1 "wr";
    .port_info 5 /INPUT 4 "gray_adrs_wr";
    .port_info 6 /INPUT 4 "gray_adrs_rd";
    .port_info 7 /INPUT 4 "bin_adrs_wr";
    .port_info 8 /INPUT 4 "bin_adrs_rd";
    .port_info 9 /OUTPUT 1 "full";
    .port_info 10 /OUTPUT 1 "nr_full";
    .port_info 11 /OUTPUT 1 "empty";
    .port_info 12 /OUTPUT 1 "nr_empty";
    .port_info 13 /OUTPUT 1 "rd_en";
    .port_info 14 /OUTPUT 1 "wr_en";
P_0x5cb31a941940 .param/l "DEPTH" 0 9 1, +C4<00000000000000000000000000001000>;
P_0x5cb31a941980 .param/l "N" 0 9 3, +C4<00000000000000000000000000000011>;
P_0x5cb31a9419c0 .param/l "WIDTH" 0 9 2, +C4<00000000000000000000000000001000>;
v0x5cb31a941ea0_0 .net "bin_adrs_rd", 3 0, v0x5cb31a9453d0_0;  alias, 1 drivers
v0x5cb31a941f80_0 .net "bin_adrs_wr", 3 0, v0x5cb31a9444b0_0;  alias, 1 drivers
v0x5cb31a942060_0 .var "bin_nxt_rd", 3 0;
v0x5cb31a942150_0 .var "bin_nxt_wr", 3 0;
v0x5cb31a942230_0 .var "bin_syn_rd", 3 0;
v0x5cb31a942360_0 .var "bin_syn_wr", 3 0;
v0x5cb31a942440_0 .net "clk_rd", 0 0, v0x5cb31a94f030_0;  alias, 1 drivers
v0x5cb31a9424e0_0 .net "clk_wr", 0 0, v0x5cb31a94f030_0;  alias, 1 drivers
v0x5cb31a942580_0 .net "clr", 0 0, v0x5cb31a94f300_0;  alias, 1 drivers
v0x5cb31a942620_0 .var "empty", 0 0;
v0x5cb31a9426c0_0 .net "en", 0 0, v0x5cb31a94f120_0;  alias, 1 drivers
v0x5cb31a942760_0 .var "full", 0 0;
v0x5cb31a942800_0 .var "g_rd", 3 0;
v0x5cb31a9428e0_0 .var "g_syn_rd", 3 0;
v0x5cb31a9429c0_0 .var "g_syn_wr", 3 0;
v0x5cb31a942aa0_0 .var "g_wr", 3 0;
v0x5cb31a942b80_0 .net "gray_adrs_rd", 3 0, L_0x5cb31a957b80;  alias, 1 drivers
v0x5cb31a942c60_0 .net "gray_adrs_wr", 3 0, L_0x5cb31a9050e0;  alias, 1 drivers
v0x5cb31a942d40_0 .var "gray_nxt_rd", 3 0;
v0x5cb31a942e20_0 .var "gray_nxt_wr", 3 0;
v0x5cb31a942f00_0 .var/i "i", 31 0;
v0x5cb31a942fe0_0 .var/i "j", 31 0;
v0x5cb31a9430c0_0 .var "nr_empty", 0 0;
v0x5cb31a943180_0 .var "nr_full", 0 0;
v0x5cb31a943240_0 .var "rd_en", 0 0;
v0x5cb31a943300_0 .net "wr", 0 0, v0x5cb31a94cda0_0;  alias, 1 drivers
v0x5cb31a9433c0_0 .var "wr_en", 0 0;
E_0x5cb31a93bab0 .event anyedge, v0x5cb31a941ea0_0, v0x5cb31a942060_0;
E_0x5cb31a941d40 .event anyedge, v0x5cb31a9429c0_0, v0x5cb31a942360_0;
E_0x5cb31a941da0 .event anyedge, v0x5cb31a941f80_0, v0x5cb31a9433c0_0, v0x5cb31a943300_0, v0x5cb31a942150_0;
E_0x5cb31a941e10 .event anyedge, v0x5cb31a9428e0_0, v0x5cb31a942230_0;
S_0x5cb31a943660 .scope module, "dat" "data" 8 14, 10 1 0, S_0x5cb31a941180;
 .timescale 0 0;
    .port_info 0 /INPUT 1 "clk_wr";
    .port_info 1 /INPUT 1 "clk_rd";
    .port_info 2 /INPUT 1 "full";
    .port_info 3 /INPUT 1 "empty";
    .port_info 4 /INPUT 1 "nr_full";
    .port_info 5 /INPUT 1 "nr_empty";
    .port_info 6 /INPUT 1 "wr";
    .port_info 7 /INPUT 1 "rd";
    .port_info 8 /INPUT 1 "clr";
    .port_info 9 /INPUT 1 "wr_en";
    .port_info 10 /INPUT 1 "rd_en";
    .port_info 11 /INPUT 8 "data_in";
    .port_info 12 /OUTPUT 8 "data_out";
    .port_info 13 /OUTPUT 4 "gray_adrs_wr";
    .port_info 14 /OUTPUT 4 "gray_adrs_rd";
    .port_info 15 /OUTPUT 4 "bin_adrs_wr";
    .port_info 16 /OUTPUT 4 "bin_adrs_rd";
P_0x5cb31a943810 .param/l "DEPTH" 0 10 1, +C4<00000000000000000000000000001000>;
P_0x5cb31a943850 .param/l "N" 0 10 3, +C4<00000000000000000000000000000011>;
P_0x5cb31a943890 .param/l "WIDTH" 0 10 2, +C4<00000000000000000000000000001000>;
v0x5cb31a946f20_0 .net "bin_adrs_rd", 3 0, v0x5cb31a9453d0_0;  alias, 1 drivers
v0x5cb31a947050_0 .net "bin_adrs_wr", 3 0, v0x5cb31a9444b0_0;  alias, 1 drivers
v0x5cb31a947160_0 .net "clk_rd", 0 0, v0x5cb31a94f030_0;  alias, 1 drivers
v0x5cb31a947200_0 .net "clk_wr", 0 0, v0x5cb31a94f030_0;  alias, 1 drivers
v0x5cb31a9472a0_0 .net "clr", 0 0, v0x5cb31a94f300_0;  alias, 1 drivers
v0x5cb31a947390_0 .net "data_in", 7 0, L_0x5cb31a9594e0;  alias, 1 drivers
v0x5cb31a947430_0 .net "data_out", 7 0, v0x5cb31a9464e0_0;  alias, 1 drivers
v0x5cb31a9474d0_0 .net "empty", 0 0, v0x5cb31a942620_0;  alias, 1 drivers
v0x5cb31a947600_0 .net "full", 0 0, v0x5cb31a942760_0;  alias, 1 drivers
v0x5cb31a947730_0 .net "gray_adrs_rd", 3 0, L_0x5cb31a957b80;  alias, 1 drivers
v0x5cb31a9477d0_0 .net "gray_adrs_wr", 3 0, L_0x5cb31a9050e0;  alias, 1 drivers
v0x5cb31a947890_0 .net "nr_empty", 0 0, v0x5cb31a9430c0_0;  alias, 1 drivers
v0x5cb31a947930_0 .net "nr_full", 0 0, v0x5cb31a943180_0;  alias, 1 drivers
v0x5cb31a9479d0_0 .net "rd", 0 0, v0x5cb31a9401c0_0;  alias, 1 drivers
v0x5cb31a947a70_0 .net "rd_en", 0 0, v0x5cb31a943240_0;  alias, 1 drivers
v0x5cb31a947b10_0 .net "wr", 0 0, v0x5cb31a94cda0_0;  alias, 1 drivers
v0x5cb31a947bb0_0 .net "wr_en", 0 0, v0x5cb31a9433c0_0;  alias, 1 drivers
L_0x5cb31a957610 .part v0x5cb31a9453d0_0, 0, 3;
L_0x5cb31a957740 .part v0x5cb31a9444b0_0, 0, 3;
S_0x5cb31a943c00 .scope module, "ptr1" "wr_ptr" 10 32, 10 84 0, S_0x5cb31a943660;
 .timescale 0 0;
    .port_info 0 /INPUT 1 "wr";
    .port_info 1 /INPUT 1 "clk_wr";
    .port_info 2 /INPUT 1 "clr";
    .port_info 3 /INPUT 1 "wr_en";
    .port_info 4 /INPUT 1 "full";
    .port_info 5 /INPUT 1 "nr_full";
    .port_info 6 /OUTPUT 4 "gray_adrs_wr";
    .port_info 7 /OUTPUT 4 "bin_adrs_wr";
P_0x5cb31a943de0 .param/l "DEPTH" 0 10 85, +C4<00000000000000000000000000001000>;
P_0x5cb31a943e20 .param/l "N" 0 10 87, +C4<00000000000000000000000000000011>;
P_0x5cb31a943e60 .param/l "WIDTH" 0 10 86, +C4<00000000000000000000000000001000>;
L_0x5cb31a9050e0 .functor XOR 4, v0x5cb31a9444b0_0, L_0x5cb31a957910, C4<0000>, C4<0000>;
v0x5cb31a9441e0_0 .net *"_ivl_0", 3 0, L_0x5cb31a957910;  1 drivers
v0x5cb31a9442e0_0 .net *"_ivl_2", 2 0, L_0x5cb31a957870;  1 drivers
L_0x7e484ba9d018 .functor BUFT 1, C4<0>, C4<0>, C4<0>, C4<0>;
v0x5cb31a9443c0_0 .net *"_ivl_4", 0 0, L_0x7e484ba9d018;  1 drivers
v0x5cb31a9444b0_0 .var "bin_adrs_wr", 3 0;
v0x5cb31a9445a0_0 .net "clk_wr", 0 0, v0x5cb31a94f030_0;  alias, 1 drivers
v0x5cb31a944690_0 .net "clr", 0 0, v0x5cb31a94f300_0;  alias, 1 drivers
v0x5cb31a944730_0 .net "full", 0 0, v0x5cb31a942760_0;  alias, 1 drivers
v0x5cb31a9447d0_0 .net "gray_adrs_wr", 3 0, L_0x5cb31a9050e0;  alias, 1 drivers
v0x5cb31a9448a0_0 .net "nr_full", 0 0, v0x5cb31a943180_0;  alias, 1 drivers
v0x5cb31a944970_0 .net "wr", 0 0, v0x5cb31a94cda0_0;  alias, 1 drivers
v0x5cb31a944a40_0 .net "wr_en", 0 0, v0x5cb31a9433c0_0;  alias, 1 drivers
L_0x5cb31a957870 .part v0x5cb31a9444b0_0, 1, 3;
L_0x5cb31a957910 .concat [ 3 1 0 0], L_0x5cb31a957870, L_0x7e484ba9d018;
S_0x5cb31a944b70 .scope module, "ptr2" "rd_ptr" 10 45, 10 108 0, S_0x5cb31a943660;
 .timescale 0 0;
    .port_info 0 /INPUT 1 "rd";
    .port_info 1 /INPUT 1 "clk_rd";
    .port_info 2 /INPUT 1 "clr";
    .port_info 3 /INPUT 1 "rd_en";
    .port_info 4 /INPUT 1 "empty";
    .port_info 5 /INPUT 1 "nr_empty";
    .port_info 6 /OUTPUT 4 "gray_adrs_rd";
    .port_info 7 /OUTPUT 4 "bin_adrs_rd";
P_0x5cb31a944d20 .param/l "DEPTH" 0 10 109, +C4<00000000000000000000000000001000>;
P_0x5cb31a944d60 .param/l "N" 0 10 111, +C4<00000000000000000000000000000011>;
P_0x5cb31a944da0 .param/l "WIDTH" 0 10 110, +C4<00000000000000000000000000001000>;
L_0x5cb31a957b80 .functor XOR 4, v0x5cb31a9453d0_0, L_0x5cb31a957ae0, C4<0000>, C4<0000>;
v0x5cb31a945120_0 .net *"_ivl_0", 3 0, L_0x5cb31a957ae0;  1 drivers
v0x5cb31a945200_0 .net *"_ivl_2", 2 0, L_0x5cb31a957a40;  1 drivers
L_0x7e484ba9d060 .functor BUFT 1, C4<0>, C4<0>, C4<0>, C4<0>;
v0x5cb31a9452e0_0 .net *"_ivl_4", 0 0, L_0x7e484ba9d060;  1 drivers
v0x5cb31a9453d0_0 .var "bin_adrs_rd", 3 0;
v0x5cb31a9454c0_0 .net "clk_rd", 0 0, v0x5cb31a94f030_0;  alias, 1 drivers
v0x5cb31a9455b0_0 .net "clr", 0 0, v0x5cb31a94f300_0;  alias, 1 drivers
v0x5cb31a945650_0 .net "empty", 0 0, v0x5cb31a942620_0;  alias, 1 drivers
v0x5cb31a945740_0 .net "gray_adrs_rd", 3 0, L_0x5cb31a957b80;  alias, 1 drivers
v0x5cb31a9457e0_0 .net "nr_empty", 0 0, v0x5cb31a9430c0_0;  alias, 1 drivers
v0x5cb31a945880_0 .net "rd", 0 0, v0x5cb31a9401c0_0;  alias, 1 drivers
v0x5cb31a945950_0 .net "rd_en", 0 0, v0x5cb31a943240_0;  alias, 1 drivers
L_0x5cb31a957a40 .part v0x5cb31a9453d0_0, 1, 3;
L_0x5cb31a957ae0 .concat [ 3 1 0 0], L_0x5cb31a957a40, L_0x7e484ba9d060;
S_0x5cb31a945aa0 .scope module, "str" "memo" 10 13, 10 58 0, S_0x5cb31a943660;
 .timescale 0 0;
    .port_info 0 /INPUT 1 "clk_rd";
    .port_info 1 /INPUT 1 "clk_wr";
    .port_info 2 /INPUT 1 "wr";
    .port_info 3 /INPUT 1 "rd";
    .port_info 4 /INPUT 1 "full";
    .port_info 5 /INPUT 1 "nr_full";
    .port_info 6 /INPUT 1 "empty";
    .port_info 7 /INPUT 1 "nr_empty";
    .port_info 8 /INPUT 1 "rd_en";
    .port_info 9 /INPUT 1 "wr_en";
    .port_info 10 /INPUT 8 "data_in";
    .port_info 11 /OUTPUT 8 "data_out";
    .port_info 12 /INPUT 3 "adrs_rd";
    .port_info 13 /INPUT 3 "adrs_wr";
P_0x5cb31a945c60 .param/l "DEPTH" 0 10 58, +C4<00000000000000000000000000001000>;
P_0x5cb31a945ca0 .param/l "N" 0 10 60, +C4<00000000000000000000000000000011>;
P_0x5cb31a945ce0 .param/l "WIDTH" 0 10 59, +C4<00000000000000000000000000001000>;
v0x5cb31a9460a0_0 .net "adrs_rd", 2 0, L_0x5cb31a957610;  1 drivers
v0x5cb31a946180_0 .net "adrs_wr", 2 0, L_0x5cb31a957740;  1 drivers
v0x5cb31a946260_0 .net "clk_rd", 0 0, v0x5cb31a94f030_0;  alias, 1 drivers
v0x5cb31a946330_0 .net "clk_wr", 0 0, v0x5cb31a94f030_0;  alias, 1 drivers
v0x5cb31a9463d0_0 .net "data_in", 7 0, L_0x5cb31a9594e0;  alias, 1 drivers
v0x5cb31a9464e0_0 .var "data_out", 7 0;
v0x5cb31a9465c0_0 .net "empty", 0 0, v0x5cb31a942620_0;  alias, 1 drivers
v0x5cb31a946660_0 .net "full", 0 0, v0x5cb31a942760_0;  alias, 1 drivers
v0x5cb31a946750_0 .net "nr_empty", 0 0, v0x5cb31a9430c0_0;  alias, 1 drivers
v0x5cb31a9467f0_0 .net "nr_full", 0 0, v0x5cb31a943180_0;  alias, 1 drivers
v0x5cb31a9468e0_0 .net "rd", 0 0, v0x5cb31a9401c0_0;  alias, 1 drivers
v0x5cb31a9469d0_0 .net "rd_en", 0 0, v0x5cb31a943240_0;  alias, 1 drivers
v0x5cb31a946ac0 .array "regfile", 7 0, 7 0;
v0x5cb31a946b80_0 .net "wr", 0 0, v0x5cb31a94cda0_0;  alias, 1 drivers
v0x5cb31a946c70_0 .net "wr_en", 0 0, v0x5cb31a9433c0_0;  alias, 1 drivers
S_0x5cb31a9493d0 .scope module, "p1" "parity" 13 103, 13 155 0, S_0x5cb31a940610;
 .timescale 0 0;
    .port_info 0 /INPUT 8 "in";
    .port_info 1 /INPUT 1 "parity_en";
    .port_info 2 /INPUT 1 "parity_odd";
    .port_info 3 /OUTPUT 1 "par_bit";
L_0x5cb31a957d20 .functor NOT 1, L_0x5cb31a957c80, C4<0>, C4<0>, C4<0>;
v0x5cb31a949560_0 .net *"_ivl_2", 0 0, L_0x5cb31a957d20;  1 drivers
v0x5cb31a949640_0 .net *"_ivl_4", 0 0, L_0x5cb31a957d90;  1 drivers
L_0x7e484ba9d0a8 .functor BUFT 1, C4<0>, C4<0>, C4<0>, C4<0>;
v0x5cb31a949720_0 .net/2u *"_ivl_6", 0 0, L_0x7e484ba9d0a8;  1 drivers
v0x5cb31a9497e0_0 .net "in", 7 0, v0x5cb31a9464e0_0;  alias, 1 drivers
v0x5cb31a9498a0_0 .net "par_bit", 0 0, L_0x5cb31a957f40;  alias, 1 drivers
v0x5cb31a949960_0 .net "parity_calc", 0 0, L_0x5cb31a957c80;  1 drivers
v0x5cb31a949a20_0 .net "parity_en", 0 0, L_0x5cb31a959200;  alias, 1 drivers
v0x5cb31a949b50_0 .net "parity_odd", 0 0, L_0x5cb31a9592d0;  alias, 1 drivers
L_0x5cb31a957c80 .reduce/xor v0x5cb31a9464e0_0;
L_0x5cb31a957d90 .functor MUXZ 1, L_0x5cb31a957c80, L_0x5cb31a957d20, L_0x5cb31a9592d0, C4<>;
L_0x5cb31a957f40 .functor MUXZ 1, L_0x7e484ba9d0a8, L_0x5cb31a957d90, L_0x5cb31a959200, C4<>;
S_0x5cb31a949d00 .scope module, "pi1" "piso" 13 113, 13 178 0, S_0x5cb31a940610;
 .timescale 0 0;
    .port_info 0 /INPUT 8 "data_in";
    .port_info 1 /INPUT 1 "shift_en";
    .port_info 2 /INPUT 1 "ld_data";
    .port_info 3 /INPUT 1 "rst";
    .port_info 4 /INPUT 1 "clk";
    .port_info 5 /INPUT 1 "parity_bit";
    .port_info 6 /OUTPUT 1 "serial_out";
v0x5cb31a949f80_0 .net *"_ivl_1", 0 0, L_0x5cb31a9580f0;  1 drivers
L_0x7e484ba9d0f0 .functor BUFT 1, C4<1>, C4<0>, C4<0>, C4<0>;
v0x5cb31a94a080_0 .net/2u *"_ivl_2", 0 0, L_0x7e484ba9d0f0;  1 drivers
v0x5cb31a94a160_0 .net "clk", 0 0, v0x5cb31a94f030_0;  alias, 1 drivers
v0x5cb31a94a200_0 .net "data_in", 7 0, v0x5cb31a9464e0_0;  alias, 1 drivers
v0x5cb31a94a330_0 .net "ld_data", 0 0, v0x5cb31a940100_0;  alias, 1 drivers
v0x5cb31a94a3d0_0 .net "parity_bit", 0 0, L_0x5cb31a957f40;  alias, 1 drivers
v0x5cb31a94a470_0 .net "rst", 0 0, v0x5cb31a94f300_0;  alias, 1 drivers
v0x5cb31a94a510_0 .net "serial_out", 0 0, L_0x5cb31a958190;  alias, 1 drivers
v0x5cb31a94a5b0_0 .net "shift_en", 0 0, v0x5cb31a9403b0_0;  alias, 1 drivers
v0x5cb31a94a6e0_0 .var "shift_reg", 10 0;
v0x5cb31a94a780_0 .var "transmitting", 0 0;
L_0x5cb31a9580f0 .part v0x5cb31a94a6e0_0, 0, 1;
L_0x5cb31a958190 .functor MUXZ 1, L_0x7e484ba9d0f0, L_0x5cb31a9580f0, v0x5cb31a94a780_0, C4<>;
S_0x5cb31a94e9d0 .scope task, "push" "push" 3 44, 3 44 0, S_0x5cb31a8f2b30;
 .timescale 0 0;
v0x5cb31a94ebd0_0 .var "address", 4 0;
v0x5cb31a94ecb0_0 .var "data", 31 0;
TD_test.push ;
    %load/vec4 v0x5cb31a94ebd0_0;
    %store/vec4 v0x5cb31a94ef90_0, 0, 5;
    %load/vec4 v0x5cb31a94ecb0_0;
    %store/vec4 v0x5cb31a94f4e0_0, 0, 32;
    %end;
S_0x5cb31a90ec50 .scope module, "top_fifo_rx" "top_fifo_rx" 14 1;
 .timescale 0 0;
    .port_info 0 /INPUT 1 "clk_wr";
    .port_info 1 /INPUT 1 "clk_rd";
    .port_info 2 /INPUT 1 "rd";
    .port_info 3 /INPUT 1 "wr";
    .port_info 4 /INPUT 1 "clr";
    .port_info 5 /INPUT 1 "en";
    .port_info 6 /INPUT 8 "data_in";
    .port_info 7 /OUTPUT 1 "full";
    .port_info 8 /OUTPUT 1 "nr_full";
    .port_info 9 /OUTPUT 1 "empty";
    .port_info 10 /OUTPUT 1 "nr_empty";
    .port_info 11 /OUTPUT 8 "data_out";
P_0x5cb31a8510c0 .param/l "DEPTH" 0 14 1, +C4<00000000000000000000000000001000>;
P_0x5cb31a851100 .param/l "N" 0 14 3, +C4<00000000000000000000000000000011>;
P_0x5cb31a851140 .param/l "WIDTH" 0 14 2, +C4<00000000000000000000000000001000>;
v0x5cb31a956290_0 .net "bin_adrs_rd", 3 0, v0x5cb31a953620_0;  1 drivers
v0x5cb31a956370_0 .net "bin_adrs_wr", 3 0, v0x5cb31a9526e0_0;  1 drivers
o0x7e484baeb3e8 .functor BUFZ 1, C4<z>; HiZ drive
v0x5cb31a956430_0 .net "clk_rd", 0 0, o0x7e484baeb3e8;  0 drivers
o0x7e484baeb418 .functor BUFZ 1, C4<z>; HiZ drive
v0x5cb31a9564d0_0 .net "clk_wr", 0 0, o0x7e484baeb418;  0 drivers
o0x7e484baeb448 .functor BUFZ 1, C4<z>; HiZ drive
v0x5cb31a956600_0 .net "clr", 0 0, o0x7e484baeb448;  0 drivers
o0x7e484baebf58 .functor BUFZ 8, C4<zzzzzzzz>; HiZ drive
v0x5cb31a956730_0 .net "data_in", 7 0, o0x7e484baebf58;  0 drivers
v0x5cb31a9567d0_0 .net "data_out", 7 0, v0x5cb31a954800_0;  1 drivers
v0x5cb31a956890_0 .net "empty", 0 0, v0x5cb31a950820_0;  1 drivers
o0x7e484baeb4a8 .functor BUFZ 1, C4<z>; HiZ drive
v0x5cb31a9569c0_0 .net "en", 0 0, o0x7e484baeb4a8;  0 drivers
v0x5cb31a956af0_0 .net "full", 0 0, v0x5cb31a9509a0_0;  1 drivers
v0x5cb31a956c20_0 .net "gray_adrs_rd", 3 0, L_0x5cb31a959ce0;  1 drivers
v0x5cb31a956cc0_0 .net "gray_adrs_wr", 3 0, L_0x5cb31a959aa0;  1 drivers
v0x5cb31a956d80_0 .net "nr_empty", 0 0, v0x5cb31a951320_0;  1 drivers
v0x5cb31a956eb0_0 .net "nr_full", 0 0, v0x5cb31a9513e0_0;  1 drivers
o0x7e484baebd48 .functor BUFZ 1, C4<z>; HiZ drive
v0x5cb31a956fe0_0 .net "rd", 0 0, o0x7e484baebd48;  0 drivers
v0x5cb31a957080_0 .net "rd_en", 0 0, v0x5cb31a9514a0_0;  1 drivers
o0x7e484baeb778 .functor BUFZ 1, C4<z>; HiZ drive
v0x5cb31a9571b0_0 .net "wr", 0 0, o0x7e484baeb778;  0 drivers
v0x5cb31a957360_0 .net "wr_en", 0 0, v0x5cb31a951620_0;  1 drivers
S_0x5cb31a94f830 .scope module, "ctrl" "control_rx" 14 36, 15 1 0, S_0x5cb31a90ec50;
 .timescale 0 0;
    .port_info 0 /INPUT 1 "clk_rd";
    .port_info 1 /INPUT 1 "clk_wr";
    .port_info 2 /INPUT 1 "en";
    .port_info 3 /INPUT 1 "clr";
    .port_info 4 /INPUT 1 "wr";
    .port_info 5 /INPUT 4 "gray_adrs_wr";
    .port_info 6 /INPUT 4 "gray_adrs_rd";
    .port_info 7 /INPUT 4 "bin_adrs_wr";
    .port_info 8 /INPUT 4 "bin_adrs_rd";
    .port_info 9 /OUTPUT 1 "full";
    .port_info 10 /OUTPUT 1 "nr_full";
    .port_info 11 /OUTPUT 1 "empty";
    .port_info 12 /OUTPUT 1 "nr_empty";
    .port_info 13 /OUTPUT 1 "rd_en";
    .port_info 14 /OUTPUT 1 "wr_en";
P_0x5cb31a94f9c0 .param/l "DEPTH" 0 15 1, +C4<00000000000000000000000000001000>;
P_0x5cb31a94fa00 .param/l "N" 0 15 3, +C4<00000000000000000000000000000011>;
P_0x5cb31a94fa40 .param/l "WIDTH" 0 15 2, +C4<00000000000000000000000000001000>;
v0x5cb31a950180_0 .net "bin_adrs_rd", 3 0, v0x5cb31a953620_0;  alias, 1 drivers
v0x5cb31a950220_0 .net "bin_adrs_wr", 3 0, v0x5cb31a9526e0_0;  alias, 1 drivers
v0x5cb31a9502c0_0 .var "bin_nxt_rd", 3 0;
v0x5cb31a950360_0 .var "bin_nxt_wr", 3 0;
v0x5cb31a950420_0 .var "bin_syn_rd", 3 0;
v0x5cb31a950500_0 .var "bin_syn_wr", 3 0;
v0x5cb31a9505e0_0 .net "clk_rd", 0 0, o0x7e484baeb3e8;  alias, 0 drivers
v0x5cb31a9506a0_0 .net "clk_wr", 0 0, o0x7e484baeb418;  alias, 0 drivers
v0x5cb31a950760_0 .net "clr", 0 0, o0x7e484baeb448;  alias, 0 drivers
v0x5cb31a950820_0 .var "empty", 0 0;
v0x5cb31a9508e0_0 .net "en", 0 0, o0x7e484baeb4a8;  alias, 0 drivers
v0x5cb31a9509a0_0 .var "full", 0 0;
v0x5cb31a950a60_0 .var "g_rd", 3 0;
v0x5cb31a950b40_0 .var "g_syn_rd", 3 0;
v0x5cb31a950c20_0 .var "g_syn_wr", 3 0;
v0x5cb31a950d00_0 .var "g_wr", 3 0;
v0x5cb31a950de0_0 .net "gray_adrs_rd", 3 0, L_0x5cb31a959ce0;  alias, 1 drivers
v0x5cb31a950ec0_0 .net "gray_adrs_wr", 3 0, L_0x5cb31a959aa0;  alias, 1 drivers
v0x5cb31a950fa0_0 .var "gray_nxt_rd", 3 0;
v0x5cb31a951080_0 .var "gray_nxt_wr", 3 0;
v0x5cb31a951160_0 .var/i "i", 31 0;
v0x5cb31a951240_0 .var/i "j", 31 0;
v0x5cb31a951320_0 .var "nr_empty", 0 0;
v0x5cb31a9513e0_0 .var "nr_full", 0 0;
v0x5cb31a9514a0_0 .var "rd_en", 0 0;
v0x5cb31a951560_0 .net "wr", 0 0, o0x7e484baeb778;  alias, 0 drivers
v0x5cb31a951620_0 .var "wr_en", 0 0;
E_0x5cb31a949e90 .event posedge, v0x5cb31a9505e0_0;
E_0x5cb31a94fe10 .event anyedge, v0x5cb31a950180_0, v0x5cb31a9502c0_0;
E_0x5cb31a94fe70 .event anyedge, v0x5cb31a950c20_0, v0x5cb31a950500_0;
E_0x5cb31a94fed0 .event posedge, v0x5cb31a950760_0, v0x5cb31a9505e0_0;
E_0x5cb31a94ff60 .event posedge, v0x5cb31a9506a0_0;
E_0x5cb31a94ffc0 .event anyedge, v0x5cb31a950220_0, v0x5cb31a951620_0, v0x5cb31a951560_0, v0x5cb31a950360_0;
E_0x5cb31a950070 .event anyedge, v0x5cb31a950b40_0, v0x5cb31a950420_0;
E_0x5cb31a9500d0 .event posedge, v0x5cb31a950760_0, v0x5cb31a9506a0_0;
S_0x5cb31a9518c0 .scope module, "dat" "data_rx" 14 14, 16 1 0, S_0x5cb31a90ec50;
 .timescale 0 0;
    .port_info 0 /INPUT 1 "clk_wr";
    .port_info 1 /INPUT 1 "clk_rd";
    .port_info 2 /INPUT 1 "full";
    .port_info 3 /INPUT 1 "empty";
    .port_info 4 /INPUT 1 "nr_full";
    .port_info 5 /INPUT 1 "nr_empty";
    .port_info 6 /INPUT 1 "wr";
    .port_info 7 /INPUT 1 "rd";
    .port_info 8 /INPUT 1 "clr";
    .port_info 9 /INPUT 1 "wr_en";
    .port_info 10 /INPUT 1 "rd_en";
    .port_info 11 /INPUT 8 "data_in";
    .port_info 12 /OUTPUT 8 "data_out";
    .port_info 13 /OUTPUT 4 "gray_adrs_wr";
    .port_info 14 /OUTPUT 4 "gray_adrs_rd";
    .port_info 15 /OUTPUT 4 "bin_adrs_wr";
    .port_info 16 /OUTPUT 4 "bin_adrs_rd";
P_0x5cb31a951a70 .param/l "DEPTH" 0 16 1, +C4<00000000000000000000000000001000>;
P_0x5cb31a951ab0 .param/l "N" 0 16 3, +C4<00000000000000000000000000000011>;
P_0x5cb31a951af0 .param/l "WIDTH" 0 16 2, +C4<00000000000000000000000000001000>;
v0x5cb31a955220_0 .net "bin_adrs_rd", 3 0, v0x5cb31a953620_0;  alias, 1 drivers
v0x5cb31a955350_0 .net "bin_adrs_wr", 3 0, v0x5cb31a9526e0_0;  alias, 1 drivers
v0x5cb31a955460_0 .net "clk_rd", 0 0, o0x7e484baeb3e8;  alias, 0 drivers
v0x5cb31a955500_0 .net "clk_wr", 0 0, o0x7e484baeb418;  alias, 0 drivers
v0x5cb31a9555a0_0 .net "clr", 0 0, o0x7e484baeb448;  alias, 0 drivers
v0x5cb31a955690_0 .net "data_in", 7 0, o0x7e484baebf58;  alias, 0 drivers
v0x5cb31a955730_0 .net "data_out", 7 0, v0x5cb31a954800_0;  alias, 1 drivers
v0x5cb31a9557d0_0 .net "empty", 0 0, v0x5cb31a950820_0;  alias, 1 drivers
v0x5cb31a955870_0 .net "full", 0 0, v0x5cb31a9509a0_0;  alias, 1 drivers
v0x5cb31a9559a0_0 .net "gray_adrs_rd", 3 0, L_0x5cb31a959ce0;  alias, 1 drivers
v0x5cb31a955a40_0 .net "gray_adrs_wr", 3 0, L_0x5cb31a959aa0;  alias, 1 drivers
v0x5cb31a955b50_0 .net "nr_empty", 0 0, v0x5cb31a951320_0;  alias, 1 drivers
v0x5cb31a955bf0_0 .net "nr_full", 0 0, v0x5cb31a9513e0_0;  alias, 1 drivers
v0x5cb31a955c90_0 .net "rd", 0 0, o0x7e484baebd48;  alias, 0 drivers
v0x5cb31a955d80_0 .net "rd_en", 0 0, v0x5cb31a9514a0_0;  alias, 1 drivers
v0x5cb31a955e20_0 .net "wr", 0 0, o0x7e484baeb778;  alias, 0 drivers
v0x5cb31a955ec0_0 .net "wr_en", 0 0, v0x5cb31a951620_0;  alias, 1 drivers
L_0x5cb31a959580 .part v0x5cb31a953620_0, 0, 3;
L_0x5cb31a9596e0 .part v0x5cb31a9526e0_0, 0, 3;
S_0x5cb31a951e30 .scope module, "ptr1" "wr_ptr_rx" 16 32, 16 84 0, S_0x5cb31a9518c0;
 .timescale 0 0;
    .port_info 0 /INPUT 1 "wr";
    .port_info 1 /INPUT 1 "clk_wr";
    .port_info 2 /INPUT 1 "clr";
    .port_info 3 /INPUT 1 "wr_en";
    .port_info 4 /INPUT 1 "full";
    .port_info 5 /INPUT 1 "nr_full";
    .port_info 6 /OUTPUT 4 "gray_adrs_wr";
    .port_info 7 /OUTPUT 4 "bin_adrs_wr";
P_0x5cb31a952010 .param/l "DEPTH" 0 16 85, +C4<00000000000000000000000000001000>;
P_0x5cb31a952050 .param/l "N" 0 16 87, +C4<00000000000000000000000000000011>;
P_0x5cb31a952090 .param/l "WIDTH" 0 16 86, +C4<00000000000000000000000000001000>;
L_0x5cb31a959aa0 .functor XOR 4, v0x5cb31a9526e0_0, L_0x5cb31a9599d0, C4<0000>, C4<0000>;
v0x5cb31a952410_0 .net *"_ivl_0", 3 0, L_0x5cb31a9599d0;  1 drivers
v0x5cb31a952510_0 .net *"_ivl_2", 2 0, L_0x5cb31a959840;  1 drivers
L_0x7e484ba9d258 .functor BUFT 1, C4<0>, C4<0>, C4<0>, C4<0>;
v0x5cb31a9525f0_0 .net *"_ivl_4", 0 0, L_0x7e484ba9d258;  1 drivers
v0x5cb31a9526e0_0 .var "bin_adrs_wr", 3 0;
v0x5cb31a9527d0_0 .net "clk_wr", 0 0, o0x7e484baeb418;  alias, 0 drivers
v0x5cb31a9528c0_0 .net "clr", 0 0, o0x7e484baeb448;  alias, 0 drivers
v0x5cb31a952990_0 .net "full", 0 0, v0x5cb31a9509a0_0;  alias, 1 drivers
v0x5cb31a952a60_0 .net "gray_adrs_wr", 3 0, L_0x5cb31a959aa0;  alias, 1 drivers
v0x5cb31a952b30_0 .net "nr_full", 0 0, v0x5cb31a9513e0_0;  alias, 1 drivers
v0x5cb31a952c00_0 .net "wr", 0 0, o0x7e484baeb778;  alias, 0 drivers
v0x5cb31a952cd0_0 .net "wr_en", 0 0, v0x5cb31a951620_0;  alias, 1 drivers
L_0x5cb31a959840 .part v0x5cb31a9526e0_0, 1, 3;
L_0x5cb31a9599d0 .concat [ 3 1 0 0], L_0x5cb31a959840, L_0x7e484ba9d258;
S_0x5cb31a952dc0 .scope module, "ptr2" "rd_ptr_rx" 16 45, 16 108 0, S_0x5cb31a9518c0;
 .timescale 0 0;
    .port_info 0 /INPUT 1 "rd";
    .port_info 1 /INPUT 1 "clk_rd";
    .port_info 2 /INPUT 1 "clr";
    .port_info 3 /INPUT 1 "rd_en";
    .port_info 4 /INPUT 1 "empty";
    .port_info 5 /INPUT 1 "nr_empty";
    .port_info 6 /OUTPUT 4 "gray_adrs_rd";
    .port_info 7 /OUTPUT 4 "bin_adrs_rd";
P_0x5cb31a952f70 .param/l "DEPTH" 0 16 109, +C4<00000000000000000000000000001000>;
P_0x5cb31a952fb0 .param/l "N" 0 16 111, +C4<00000000000000000000000000000011>;
P_0x5cb31a952ff0 .param/l "WIDTH" 0 16 110, +C4<00000000000000000000000000001000>;
L_0x5cb31a959ce0 .functor XOR 4, v0x5cb31a953620_0, L_0x5cb31a959c40, C4<0000>, C4<0000>;
v0x5cb31a953370_0 .net *"_ivl_0", 3 0, L_0x5cb31a959c40;  1 drivers
v0x5cb31a953450_0 .net *"_ivl_2", 2 0, L_0x5cb31a959ba0;  1 drivers
L_0x7e484ba9d2a0 .functor BUFT 1, C4<0>, C4<0>, C4<0>, C4<0>;
v0x5cb31a953530_0 .net *"_ivl_4", 0 0, L_0x7e484ba9d2a0;  1 drivers
v0x5cb31a953620_0 .var "bin_adrs_rd", 3 0;
v0x5cb31a953710_0 .net "clk_rd", 0 0, o0x7e484baeb3e8;  alias, 0 drivers
v0x5cb31a953800_0 .net "clr", 0 0, o0x7e484baeb448;  alias, 0 drivers
v0x5cb31a9538f0_0 .net "empty", 0 0, v0x5cb31a950820_0;  alias, 1 drivers
v0x5cb31a953990_0 .net "gray_adrs_rd", 3 0, L_0x5cb31a959ce0;  alias, 1 drivers
v0x5cb31a953a60_0 .net "nr_empty", 0 0, v0x5cb31a951320_0;  alias, 1 drivers
v0x5cb31a953b30_0 .net "rd", 0 0, o0x7e484baebd48;  alias, 0 drivers
v0x5cb31a953bd0_0 .net "rd_en", 0 0, v0x5cb31a9514a0_0;  alias, 1 drivers
L_0x5cb31a959ba0 .part v0x5cb31a953620_0, 1, 3;
L_0x5cb31a959c40 .concat [ 3 1 0 0], L_0x5cb31a959ba0, L_0x7e484ba9d2a0;
S_0x5cb31a953d20 .scope module, "str" "memo_rx" 16 13, 16 58 0, S_0x5cb31a9518c0;
 .timescale 0 0;
    .port_info 0 /INPUT 1 "clk_rd";
    .port_info 1 /INPUT 1 "clk_wr";
    .port_info 2 /INPUT 1 "wr";
    .port_info 3 /INPUT 1 "rd";
    .port_info 4 /INPUT 1 "full";
    .port_info 5 /INPUT 1 "nr_full";
    .port_info 6 /INPUT 1 "empty";
    .port_info 7 /INPUT 1 "nr_empty";
    .port_info 8 /INPUT 1 "rd_en";
    .port_info 9 /INPUT 1 "wr_en";
    .port_info 10 /INPUT 8 "data_in";
    .port_info 11 /OUTPUT 8 "data_out";
    .port_info 12 /INPUT 3 "adrs_rd";
    .port_info 13 /INPUT 3 "adrs_wr";
P_0x5cb31a953ee0 .param/l "DEPTH" 0 16 58, +C4<00000000000000000000000000001000>;
P_0x5cb31a953f20 .param/l "N" 0 16 60, +C4<00000000000000000000000000000011>;
P_0x5cb31a953f60 .param/l "WIDTH" 0 16 59, +C4<00000000000000000000000000001000>;
v0x5cb31a954320_0 .net "adrs_rd", 2 0, L_0x5cb31a959580;  1 drivers
v0x5cb31a954400_0 .net "adrs_wr", 2 0, L_0x5cb31a9596e0;  1 drivers
v0x5cb31a9544e0_0 .net "clk_rd", 0 0, o0x7e484baeb3e8;  alias, 0 drivers
v0x5cb31a954600_0 .net "clk_wr", 0 0, o0x7e484baeb418;  alias, 0 drivers
v0x5cb31a9546f0_0 .net "data_in", 7 0, o0x7e484baebf58;  alias, 0 drivers
v0x5cb31a954800_0 .var "data_out", 7 0;
v0x5cb31a9548e0_0 .net "empty", 0 0, v0x5cb31a950820_0;  alias, 1 drivers
v0x5cb31a9549d0_0 .net "full", 0 0, v0x5cb31a9509a0_0;  alias, 1 drivers
v0x5cb31a954ac0_0 .net "nr_empty", 0 0, v0x5cb31a951320_0;  alias, 1 drivers
v0x5cb31a954b60_0 .net "nr_full", 0 0, v0x5cb31a9513e0_0;  alias, 1 drivers
v0x5cb31a954c50_0 .net "rd", 0 0, o0x7e484baebd48;  alias, 0 drivers
v0x5cb31a954cf0_0 .net "rd_en", 0 0, v0x5cb31a9514a0_0;  alias, 1 drivers
v0x5cb31a954de0 .array "regfile", 7 0, 7 0;
v0x5cb31a954e80_0 .net "wr", 0 0, o0x7e484baeb778;  alias, 0 drivers
v0x5cb31a954f70_0 .net "wr_en", 0 0, v0x5cb31a951620_0;  alias, 1 drivers
    .scope S_0x5cb31a945aa0;
T_1 ;
    %wait E_0x5cb31a7cd880;
    %load/vec4 v0x5cb31a9469d0_0;
    %flag_set/vec4 9;
    %flag_get/vec4 9;
    %jmp/0 T_1.2, 9;
    %load/vec4 v0x5cb31a9468e0_0;
    %and;
T_1.2;
    %flag_set/vec4 8;
    %jmp/0xz  T_1.0, 8;
    %load/vec4 v0x5cb31a9460a0_0;
    %pad/u 5;
    %ix/vec4 4;
    %load/vec4a v0x5cb31a946ac0, 4;
    %assign/vec4 v0x5cb31a9464e0_0, 0;
T_1.0 ;
    %jmp T_1;
    .thread T_1;
    .scope S_0x5cb31a945aa0;
T_2 ;
    %wait E_0x5cb31a7cd880;
    %load/vec4 v0x5cb31a946c70_0;
    %flag_set/vec4 9;
    %flag_get/vec4 9;
    %jmp/0 T_2.2, 9;
    %load/vec4 v0x5cb31a946b80_0;
    %and;
T_2.2;
    %flag_set/vec4 8;
    %jmp/0xz  T_2.0, 8;
    %load/vec4 v0x5cb31a9463d0_0;
    %load/vec4 v0x5cb31a946180_0;
    %pad/u 5;
    %ix/vec4 3;
    %ix/load 4, 0, 0; Constant delay
    %assign/vec4/a/d v0x5cb31a946ac0, 0, 4;
T_2.0 ;
    %jmp T_2;
    .thread T_2;
    .scope S_0x5cb31a943c00;
T_3 ;
    %wait E_0x5cb31a7e6ff0;
    %load/vec4 v0x5cb31a944690_0;
    %flag_set/vec4 8;
    %jmp/0xz  T_3.0, 8;
    %pushi/vec4 0, 0, 4;
    %assign/vec4 v0x5cb31a9444b0_0, 0;
    %jmp T_3.1;
T_3.0 ;
    %load/vec4 v0x5cb31a944a40_0;
    %flag_set/vec4 9;
    %flag_get/vec4 9;
    %jmp/0 T_3.4, 9;
    %load/vec4 v0x5cb31a944970_0;
    %and;
T_3.4;
    %flag_set/vec4 8;
    %jmp/0xz  T_3.2, 8;
    %load/vec4 v0x5cb31a9444b0_0;
    %addi 1, 0, 4;
    %assign/vec4 v0x5cb31a9444b0_0, 0;
T_3.2 ;
T_3.1 ;
    %jmp T_3;
    .thread T_3;
    .scope S_0x5cb31a944b70;
T_4 ;
    %wait E_0x5cb31a7e6ff0;
    %load/vec4 v0x5cb31a9455b0_0;
    %flag_set/vec4 8;
    %jmp/0xz  T_4.0, 8;
    %pushi/vec4 0, 0, 4;
    %assign/vec4 v0x5cb31a9453d0_0, 0;
    %jmp T_4.1;
T_4.0 ;
    %load/vec4 v0x5cb31a945950_0;
    %flag_set/vec4 9;
    %flag_get/vec4 9;
    %jmp/0 T_4.4, 9;
    %load/vec4 v0x5cb31a945880_0;
    %and;
T_4.4;
    %flag_set/vec4 8;
    %jmp/0xz  T_4.2, 8;
    %load/vec4 v0x5cb31a9453d0_0;
    %addi 1, 0, 4;
    %assign/vec4 v0x5cb31a9453d0_0, 0;
T_4.2 ;
T_4.1 ;
    %jmp T_4;
    .thread T_4;
    .scope S_0x5cb31a941760;
T_5 ;
    %wait E_0x5cb31a7e6ff0;
    %load/vec4 v0x5cb31a942580_0;
    %flag_set/vec4 8;
    %jmp/0xz  T_5.0, 8;
    %pushi/vec4 0, 0, 4;
    %assign/vec4 v0x5cb31a942800_0, 0;
    %pushi/vec4 0, 0, 4;
    %assign/vec4 v0x5cb31a9428e0_0, 0;
    %jmp T_5.1;
T_5.0 ;
    %load/vec4 v0x5cb31a942b80_0;
    %assign/vec4 v0x5cb31a942800_0, 0;
    %load/vec4 v0x5cb31a942800_0;
    %assign/vec4 v0x5cb31a9428e0_0, 0;
T_5.1 ;
    %jmp T_5;
    .thread T_5;
    .scope S_0x5cb31a941760;
T_6 ;
    %wait E_0x5cb31a941e10;
    %load/vec4 v0x5cb31a9428e0_0;
    %parti/s 1, 3, 3;
    %ix/load 4, 3, 0;
    %flag_set/imm 4, 0;
    %store/vec4 v0x5cb31a942230_0, 4, 1;
    %pushi/vec4 2, 0, 32;
    %store/vec4 v0x5cb31a942f00_0, 0, 32;
T_6.0 ;
    %load/vec4 v0x5cb31a942f00_0;
    %cmpi/s 0, 0, 32;
    %flag_inv 5; GE is !LT
    %jmp/0xz T_6.1, 5;
    %load/vec4 v0x5cb31a942230_0;
    %load/vec4 v0x5cb31a942f00_0;
    %addi 1, 0, 32;
    %part/s 1;
    %load/vec4 v0x5cb31a9428e0_0;
    %load/vec4 v0x5cb31a942f00_0;
    %part/s 1;
    %xor;
    %ix/getv/s 4, v0x5cb31a942f00_0;
    %store/vec4 v0x5cb31a942230_0, 4, 1;
    %load/vec4 v0x5cb31a942f00_0;
    %subi 1, 0, 32;
    %store/vec4 v0x5cb31a942f00_0, 0, 32;
    %jmp T_6.0;
T_6.1 ;
    %jmp T_6;
    .thread T_6, $push;
    .scope S_0x5cb31a941760;
T_7 ;
    %wait E_0x5cb31a941da0;
    %load/vec4 v0x5cb31a941f80_0;
    %load/vec4 v0x5cb31a9433c0_0;
    %flag_set/vec4 8;
    %flag_get/vec4 8;
    %jmp/0 T_7.0, 8;
    %load/vec4 v0x5cb31a943300_0;
    %and;
T_7.0;
    %pad/u 4;
    %add;
    %store/vec4 v0x5cb31a942150_0, 0, 4;
    %load/vec4 v0x5cb31a942150_0;
    %load/vec4 v0x5cb31a942150_0;
    %ix/load 4, 1, 0;
    %flag_set/imm 4, 0;
    %shiftr 4;
    %xor;
    %store/vec4 v0x5cb31a942e20_0, 0, 4;
    %jmp T_7;
    .thread T_7, $push;
    .scope S_0x5cb31a941760;
T_8 ;
    %wait E_0x5cb31a7cd880;
    %load/vec4 v0x5cb31a942e20_0;
    %load/vec4 v0x5cb31a9428e0_0;
    %parti/s 2, 2, 3;
    %inv;
    %load/vec4 v0x5cb31a9428e0_0;
    %parti/s 2, 0, 2;
    %concat/vec4; draw_concat_vec4
    %cmp/e;
    %flag_get/vec4 4;
    %assign/vec4 v0x5cb31a942760_0, 0;
    %jmp T_8;
    .thread T_8;
    .scope S_0x5cb31a941760;
T_9 ;
    %wait E_0x5cb31a7cd880;
    %pushi/vec4 6, 0, 32;
    %load/vec4 v0x5cb31a941f80_0;
    %pad/u 32;
    %load/vec4 v0x5cb31a942230_0;
    %pad/u 32;
    %sub;
    %cmp/u;
    %flag_get/vec4 4;
    %flag_get/vec4 5;
    %or;
    %assign/vec4 v0x5cb31a943180_0, 0;
    %jmp T_9;
    .thread T_9;
    .scope S_0x5cb31a941760;
T_10 ;
    %wait E_0x5cb31a7cd880;
    %load/vec4 v0x5cb31a9426c0_0;
    %flag_set/vec4 9;
    %flag_get/vec4 9;
    %jmp/0 T_10.1, 9;
    %load/vec4 v0x5cb31a942760_0;
    %nor/r;
    %and;
T_10.1;
    %flag_set/vec4 8;
    %flag_get/vec4 8;
    %jmp/0 T_10.0, 8;
    %load/vec4 v0x5cb31a943180_0;
    %nor/r;
    %and;
T_10.0;
    %assign/vec4 v0x5cb31a9433c0_0, 0;
    %jmp T_10;
    .thread T_10;
    .scope S_0x5cb31a941760;
T_11 ;
    %wait E_0x5cb31a7e6ff0;
    %load/vec4 v0x5cb31a942580_0;
    %flag_set/vec4 8;
    %jmp/0xz  T_11.0, 8;
    %pushi/vec4 0, 0, 4;
    %assign/vec4 v0x5cb31a942aa0_0, 0;
    %pushi/vec4 0, 0, 4;
    %assign/vec4 v0x5cb31a9429c0_0, 0;
    %jmp T_11.1;
T_11.0 ;
    %load/vec4 v0x5cb31a942c60_0;
    %assign/vec4 v0x5cb31a942aa0_0, 0;
    %load/vec4 v0x5cb31a942aa0_0;
    %assign/vec4 v0x5cb31a9429c0_0, 0;
T_11.1 ;
    %jmp T_11;
    .thread T_11;
    .scope S_0x5cb31a941760;
T_12 ;
    %wait E_0x5cb31a941d40;
    %load/vec4 v0x5cb31a9429c0_0;
    %parti/s 1, 3, 3;
    %ix/load 4, 3, 0;
    %flag_set/imm 4, 0;
    %store/vec4 v0x5cb31a942360_0, 4, 1;
    %pushi/vec4 2, 0, 32;
    %store/vec4 v0x5cb31a942fe0_0, 0, 32;
T_12.0 ;
    %load/vec4 v0x5cb31a942fe0_0;
    %cmpi/s 0, 0, 32;
    %flag_inv 5; GE is !LT
    %jmp/0xz T_12.1, 5;
    %load/vec4 v0x5cb31a942360_0;
    %load/vec4 v0x5cb31a942fe0_0;
    %addi 1, 0, 32;
    %part/s 1;
    %load/vec4 v0x5cb31a9429c0_0;
    %load/vec4 v0x5cb31a942fe0_0;
    %part/s 1;
    %xor;
    %ix/getv/s 4, v0x5cb31a942fe0_0;
    %store/vec4 v0x5cb31a942360_0, 4, 1;
    %load/vec4 v0x5cb31a942fe0_0;
    %subi 1, 0, 32;
    %store/vec4 v0x5cb31a942fe0_0, 0, 32;
    %jmp T_12.0;
T_12.1 ;
    %jmp T_12;
    .thread T_12, $push;
    .scope S_0x5cb31a941760;
T_13 ;
    %wait E_0x5cb31a93bab0;
    %load/vec4 v0x5cb31a941ea0_0;
    %addi 1, 0, 4;
    %store/vec4 v0x5cb31a942060_0, 0, 4;
    %load/vec4 v0x5cb31a942060_0;
    %load/vec4 v0x5cb31a942060_0;
    %ix/load 4, 1, 0;
    %flag_set/imm 4, 0;
    %shiftr 4;
    %xor;
    %store/vec4 v0x5cb31a942d40_0, 0, 4;
    %jmp T_13;
    .thread T_13, $push;
    .scope S_0x5cb31a941760;
T_14 ;
    %wait E_0x5cb31a7cd880;
    %load/vec4 v0x5cb31a942b80_0;
    %load/vec4 v0x5cb31a9429c0_0;
    %cmp/e;
    %flag_get/vec4 4;
    %assign/vec4 v0x5cb31a942620_0, 0;
    %jmp T_14;
    .thread T_14;
    .scope S_0x5cb31a941760;
T_15 ;
    %wait E_0x5cb31a7cd880;
    %load/vec4 v0x5cb31a942360_0;
    %pad/u 32;
    %load/vec4 v0x5cb31a941ea0_0;
    %pad/u 32;
    %sub;
    %cmpi/u 2, 0, 32;
    %flag_get/vec4 4;
    %flag_get/vec4 5;
    %or;
    %assign/vec4 v0x5cb31a9430c0_0, 0;
    %jmp T_15;
    .thread T_15;
    .scope S_0x5cb31a941760;
T_16 ;
    %wait E_0x5cb31a7cd880;
    %load/vec4 v0x5cb31a9426c0_0;
    %flag_set/vec4 9;
    %flag_get/vec4 9;
    %jmp/0 T_16.1, 9;
    %load/vec4 v0x5cb31a942620_0;
    %nor/r;
    %and;
T_16.1;
    %flag_set/vec4 8;
    %flag_get/vec4 8;
    %jmp/0 T_16.0, 8;
    %load/vec4 v0x5cb31a9430c0_0;
    %nor/r;
    %and;
T_16.0;
    %assign/vec4 v0x5cb31a943240_0, 0;
    %jmp T_16;
    .thread T_16;
    .scope S_0x5cb31a940c10;
T_17 ;
    %pushi/vec4 0, 0, 9;
    %store/vec4 v0x5cb31a940e90_0, 0, 9;
    %end;
    .thread T_17, $init;
    .scope S_0x5cb31a940c10;
T_18 ;
    %wait E_0x5cb31a7e6ff0;
    %load/vec4 v0x5cb31a941050_0;
    %flag_set/vec4 8;
    %jmp/0xz  T_18.0, 8;
    %pushi/vec4 0, 0, 9;
    %assign/vec4 v0x5cb31a940e90_0, 0;
    %jmp T_18.1;
T_18.0 ;
    %load/vec4 v0x5cb31a940e90_0;
    %pad/u 32;
    %load/vec4 v0x5cb31a940f80_0;
    %pad/u 32;
    %subi 1, 0, 32;
    %cmp/e;
    %jmp/0xz  T_18.2, 4;
    %pushi/vec4 0, 0, 9;
    %assign/vec4 v0x5cb31a940e90_0, 0;
    %jmp T_18.3;
T_18.2 ;
    %load/vec4 v0x5cb31a940e90_0;
    %addi 1, 0, 9;
    %assign/vec4 v0x5cb31a940e90_0, 0;
T_18.3 ;
T_18.1 ;
    %jmp T_18;
    .thread T_18;
    .scope S_0x5cb31a949d00;
T_19 ;
    %wait E_0x5cb31a7e6ff0;
    %load/vec4 v0x5cb31a94a470_0;
    %flag_set/vec4 8;
    %jmp/0xz  T_19.0, 8;
    %pushi/vec4 0, 0, 11;
    %assign/vec4 v0x5cb31a94a6e0_0, 0;
    %pushi/vec4 0, 0, 1;
    %assign/vec4 v0x5cb31a94a780_0, 0;
    %jmp T_19.1;
T_19.0 ;
    %load/vec4 v0x5cb31a94a330_0;
    %flag_set/vec4 8;
    %jmp/0xz  T_19.2, 8;
    %pushi/vec4 1, 0, 1;
    %assign/vec4 v0x5cb31a94a780_0, 0;
    %load/vec4 v0x5cb31a94a200_0;
    %ix/load 4, 1, 0;
    %ix/load 5, 0, 0;
    %flag_set/imm 4, 0;
    %assign/vec4/off/d v0x5cb31a94a6e0_0, 4, 5;
    %pushi/vec4 1, 0, 1;
    %ix/load 4, 10, 0;
    %ix/load 5, 0, 0;
    %flag_set/imm 4, 0;
    %assign/vec4/off/d v0x5cb31a94a6e0_0, 4, 5;
    %pushi/vec4 0, 0, 1;
    %ix/load 4, 0, 0;
    %ix/load 5, 0, 0;
    %flag_set/imm 4, 0;
    %assign/vec4/off/d v0x5cb31a94a6e0_0, 4, 5;
    %load/vec4 v0x5cb31a94a3d0_0;
    %ix/load 4, 9, 0;
    %ix/load 5, 0, 0;
    %flag_set/imm 4, 0;
    %assign/vec4/off/d v0x5cb31a94a6e0_0, 4, 5;
    %jmp T_19.3;
T_19.2 ;
    %load/vec4 v0x5cb31a94a5b0_0;
    %flag_set/vec4 8;
    %jmp/0xz  T_19.4, 8;
    %pushi/vec4 0, 0, 1;
    %load/vec4 v0x5cb31a94a6e0_0;
    %parti/s 10, 1, 2;
    %concat/vec4; draw_concat_vec4
    %assign/vec4 v0x5cb31a94a6e0_0, 0;
    %jmp T_19.5;
T_19.4 ;
    %load/vec4 v0x5cb31a94a6e0_0;
    %cmpi/e 0, 0, 11;
    %jmp/0xz  T_19.6, 4;
    %pushi/vec4 0, 0, 1;
    %assign/vec4 v0x5cb31a94a780_0, 0;
T_19.6 ;
T_19.5 ;
T_19.3 ;
T_19.1 ;
    %jmp T_19;
    .thread T_19;
    .scope S_0x5cb31a93f6d0;
T_20 ;
    %pushi/vec4 0, 0, 4;
    %store/vec4 v0x5cb31a93fb70_0, 0, 4;
    %end;
    .thread T_20, $init;
    .scope S_0x5cb31a93f6d0;
T_21 ;
    %wait E_0x5cb31a7e6ff0;
    %load/vec4 v0x5cb31a940310_0;
    %flag_set/vec4 8;
    %jmp/0xz  T_21.0, 8;
    %pushi/vec4 0, 0, 1;
    %assign/vec4 v0x5cb31a93fc70_0, 0;
    %pushi/vec4 0, 0, 4;
    %assign/vec4 v0x5cb31a93fb70_0, 0;
    %jmp T_21.1;
T_21.0 ;
    %load/vec4 v0x5cb31a940060_0;
    %flag_set/vec4 8;
    %jmp/0xz  T_21.2, 8;
    %load/vec4 v0x5cb31a940100_0;
    %flag_set/vec4 8;
    %jmp/0xz  T_21.4, 8;
    %pushi/vec4 1, 0, 1;
    %assign/vec4 v0x5cb31a93fc70_0, 0;
    %pushi/vec4 0, 0, 4;
    %assign/vec4 v0x5cb31a93fb70_0, 0;
    %jmp T_21.5;
T_21.4 ;
    %load/vec4 v0x5cb31a93fc70_0;
    %flag_set/vec4 9;
    %flag_get/vec4 9;
    %jmp/0 T_21.8, 9;
    %load/vec4 v0x5cb31a9403b0_0;
    %and;
T_21.8;
    %flag_set/vec4 8;
    %jmp/0xz  T_21.6, 8;
    %pushi/vec4 1, 0, 1;
    %assign/vec4 v0x5cb31a93fc70_0, 0;
    %load/vec4 v0x5cb31a93fb70_0;
    %addi 1, 0, 4;
    %assign/vec4 v0x5cb31a93fb70_0, 0;
    %load/vec4 v0x5cb31a93fb70_0;
    %cmpi/e 10, 0, 4;
    %jmp/0xz  T_21.9, 4;
    %pushi/vec4 0, 0, 1;
    %assign/vec4 v0x5cb31a93fc70_0, 0;
T_21.9 ;
T_21.6 ;
T_21.5 ;
T_21.2 ;
T_21.1 ;
    %jmp T_21;
    .thread T_21;
    .scope S_0x5cb31a93f6d0;
T_22 ;
    %wait E_0x5cb31a7e6ff0;
    %load/vec4 v0x5cb31a940310_0;
    %flag_set/vec4 8;
    %jmp/0xz  T_22.0, 8;
    %pushi/vec4 0, 0, 1;
    %assign/vec4 v0x5cb31a940100_0, 0;
    %pushi/vec4 0, 0, 1;
    %assign/vec4 v0x5cb31a9401c0_0, 0;
    %pushi/vec4 0, 0, 1;
    %assign/vec4 v0x5cb31a9403b0_0, 0;
    %jmp T_22.1;
T_22.0 ;
    %load/vec4 v0x5cb31a940060_0;
    %flag_set/vec4 8;
    %jmp/0xz  T_22.2, 8;
    %pushi/vec4 0, 0, 1;
    %assign/vec4 v0x5cb31a940100_0, 0;
    %pushi/vec4 0, 0, 1;
    %assign/vec4 v0x5cb31a9401c0_0, 0;
    %pushi/vec4 0, 0, 1;
    %assign/vec4 v0x5cb31a9403b0_0, 0;
    %load/vec4 v0x5cb31a93ffa0_0;
    %nor/r;
    %flag_set/vec4 9;
    %flag_get/vec4 9;
    %jmp/0 T_22.6, 9;
    %load/vec4 v0x5cb31a93fc70_0;
    %nor/r;
    %and;
T_22.6;
    %flag_set/vec4 8;
    %jmp/0xz  T_22.4, 8;
    %pushi/vec4 1, 0, 1;
    %assign/vec4 v0x5cb31a940100_0, 0;
    %pushi/vec4 1, 0, 1;
    %assign/vec4 v0x5cb31a9401c0_0, 0;
    %jmp T_22.5;
T_22.4 ;
    %load/vec4 v0x5cb31a93fdd0_0;
    %pad/u 32;
    %load/vec4 v0x5cb31a93fe90_0;
    %pad/u 32;
    %subi 1, 0, 32;
    %cmp/e;
    %flag_get/vec4 4;
    %jmp/0 T_22.9, 4;
    %load/vec4 v0x5cb31a93fc70_0;
    %and;
T_22.9;
    %flag_set/vec4 8;
    %jmp/0xz  T_22.7, 8;
    %pushi/vec4 1, 0, 1;
    %assign/vec4 v0x5cb31a9403b0_0, 0;
T_22.7 ;
T_22.5 ;
T_22.2 ;
T_22.1 ;
    %jmp T_22;
    .thread T_22;
    .scope S_0x5cb31a9109c0;
T_23 ;
    %wait E_0x5cb31a7e6ff0;
    %load/vec4 v0x5cb31a931d30_0;
    %flag_set/vec4 8;
    %jmp/0xz  T_23.0, 8;
    %pushi/vec4 0, 0, 3;
    %assign/vec4 v0x5cb31a931b90_0, 0;
    %jmp T_23.1;
T_23.0 ;
    %load/vec4 v0x5cb31a9313f0_0;
    %flag_set/vec4 8;
    %jmp/0xz  T_23.2, 8;
    %load/vec4 v0x5cb31a9316f0_0;
    %assign/vec4 v0x5cb31a931b90_0, 0;
T_23.2 ;
T_23.1 ;
    %jmp T_23;
    .thread T_23;
    .scope S_0x5cb31a9109c0;
T_24 ;
    %wait E_0x5cb31a7e4ad0;
    %load/vec4 v0x5cb31a931b90_0;
    %dup/vec4;
    %pushi/vec4 0, 0, 3;
    %cmp/u;
    %jmp/1 T_24.0, 6;
    %dup/vec4;
    %pushi/vec4 1, 0, 3;
    %cmp/u;
    %jmp/1 T_24.1, 6;
    %dup/vec4;
    %pushi/vec4 2, 0, 3;
    %cmp/u;
    %jmp/1 T_24.2, 6;
    %dup/vec4;
    %pushi/vec4 3, 0, 3;
    %cmp/u;
    %jmp/1 T_24.3, 6;
    %dup/vec4;
    %pushi/vec4 4, 0, 3;
    %cmp/u;
    %jmp/1 T_24.4, 6;
    %dup/vec4;
    %pushi/vec4 5, 0, 3;
    %cmp/u;
    %jmp/1 T_24.5, 6;
    %pushi/vec4 0, 0, 3;
    %store/vec4 v0x5cb31a9316f0_0, 0, 3;
    %jmp T_24.7;
T_24.0 ;
    %load/vec4 v0x5cb31a908570_0;
    %flag_set/vec4 8;
    %jmp/0xz  T_24.8, 8;
    %pushi/vec4 1, 0, 3;
    %store/vec4 v0x5cb31a9316f0_0, 0, 3;
    %jmp T_24.9;
T_24.8 ;
    %pushi/vec4 0, 0, 3;
    %store/vec4 v0x5cb31a9316f0_0, 0, 3;
T_24.9 ;
    %jmp T_24.7;
T_24.1 ;
    %load/vec4 v0x5cb31a902a90_0;
    %pad/u 32;
    %cmpi/e 12, 0, 32;
    %jmp/0xz  T_24.10, 4;
    %pushi/vec4 2, 0, 3;
    %store/vec4 v0x5cb31a9316f0_0, 0, 3;
    %jmp T_24.11;
T_24.10 ;
    %pushi/vec4 1, 0, 3;
    %store/vec4 v0x5cb31a9316f0_0, 0, 3;
T_24.11 ;
    %jmp T_24.7;
T_24.2 ;
    %pushi/vec4 3, 0, 3;
    %store/vec4 v0x5cb31a9316f0_0, 0, 3;
    %jmp T_24.7;
T_24.3 ;
    %load/vec4 v0x5cb31a9314b0_0;
    %flag_set/vec4 8;
    %jmp/0xz  T_24.12, 8;
    %pushi/vec4 0, 0, 3;
    %store/vec4 v0x5cb31a9316f0_0, 0, 3;
    %jmp T_24.13;
T_24.12 ;
    %pushi/vec4 4, 0, 3;
    %store/vec4 v0x5cb31a9316f0_0, 0, 3;
T_24.13 ;
    %jmp T_24.7;
T_24.4 ;
    %load/vec4 v0x5cb31a931a10_0;
    %flag_set/vec4 8;
    %jmp/0xz  T_24.14, 8;
    %pushi/vec4 0, 0, 3;
    %store/vec4 v0x5cb31a9316f0_0, 0, 3;
    %jmp T_24.15;
T_24.14 ;
    %pushi/vec4 5, 0, 3;
    %store/vec4 v0x5cb31a9316f0_0, 0, 3;
T_24.15 ;
    %jmp T_24.7;
T_24.5 ;
    %pushi/vec4 0, 0, 3;
    %store/vec4 v0x5cb31a9316f0_0, 0, 3;
    %jmp T_24.7;
T_24.7 ;
    %pop/vec4 1;
    %jmp T_24;
    .thread T_24, $push;
    .scope S_0x5cb31a9109c0;
T_25 ;
    %wait E_0x5cb31a7e3df0;
    %pushi/vec4 0, 0, 1;
    %store/vec4 v0x5cb31a931c70_0, 0, 1;
    %pushi/vec4 0, 0, 1;
    %store/vec4 v0x5cb31a932110_0, 0, 1;
    %pushi/vec4 0, 0, 1;
    %store/vec4 v0x5cb31a931df0_0, 0, 1;
    %pushi/vec4 0, 0, 1;
    %store/vec4 v0x5cb31a905240_0, 0, 1;
    %pushi/vec4 0, 0, 1;
    %store/vec4 v0x5cb31a9314b0_0, 0, 1;
    %pushi/vec4 0, 0, 1;
    %store/vec4 v0x5cb31a931a10_0, 0, 1;
    %pushi/vec4 0, 0, 1;
    %store/vec4 v0x5cb31a9317d0_0, 0, 1;
    %pushi/vec4 0, 0, 1;
    %store/vec4 v0x5cb31a931630_0, 0, 1;
    %load/vec4 v0x5cb31a931b90_0;
    %dup/vec4;
    %pushi/vec4 0, 0, 3;
    %cmp/u;
    %jmp/1 T_25.0, 6;
    %dup/vec4;
    %pushi/vec4 1, 0, 3;
    %cmp/u;
    %jmp/1 T_25.1, 6;
    %dup/vec4;
    %pushi/vec4 2, 0, 3;
    %cmp/u;
    %jmp/1 T_25.2, 6;
    %dup/vec4;
    %pushi/vec4 3, 0, 3;
    %cmp/u;
    %jmp/1 T_25.3, 6;
    %dup/vec4;
    %pushi/vec4 4, 0, 3;
    %cmp/u;
    %jmp/1 T_25.4, 6;
    %dup/vec4;
    %pushi/vec4 5, 0, 3;
    %cmp/u;
    %jmp/1 T_25.5, 6;
    %pushi/vec4 0, 0, 1;
    %store/vec4 v0x5cb31a931c70_0, 0, 1;
    %pushi/vec4 0, 0, 1;
    %store/vec4 v0x5cb31a932110_0, 0, 1;
    %pushi/vec4 0, 0, 1;
    %store/vec4 v0x5cb31a931df0_0, 0, 1;
    %pushi/vec4 0, 0, 1;
    %store/vec4 v0x5cb31a905240_0, 0, 1;
    %pushi/vec4 0, 0, 1;
    %store/vec4 v0x5cb31a9314b0_0, 0, 1;
    %pushi/vec4 0, 0, 1;
    %store/vec4 v0x5cb31a931a10_0, 0, 1;
    %pushi/vec4 0, 0, 1;
    %store/vec4 v0x5cb31a9317d0_0, 0, 1;
    %pushi/vec4 0, 0, 1;
    %store/vec4 v0x5cb31a931630_0, 0, 1;
    %jmp T_25.7;
T_25.0 ;
    %pushi/vec4 0, 0, 1;
    %store/vec4 v0x5cb31a931c70_0, 0, 1;
    %pushi/vec4 0, 0, 1;
    %store/vec4 v0x5cb31a932110_0, 0, 1;
    %pushi/vec4 0, 0, 1;
    %store/vec4 v0x5cb31a931df0_0, 0, 1;
    %pushi/vec4 0, 0, 1;
    %store/vec4 v0x5cb31a905240_0, 0, 1;
    %pushi/vec4 0, 0, 1;
    %store/vec4 v0x5cb31a9314b0_0, 0, 1;
    %pushi/vec4 0, 0, 1;
    %store/vec4 v0x5cb31a931a10_0, 0, 1;
    %pushi/vec4 0, 0, 1;
    %store/vec4 v0x5cb31a9317d0_0, 0, 1;
    %pushi/vec4 0, 0, 1;
    %store/vec4 v0x5cb31a931630_0, 0, 1;
    %jmp T_25.7;
T_25.1 ;
    %load/vec4 v0x5cb31a931eb0_0;
    %pad/u 32;
    %cmpi/e 7, 0, 32;
    %jmp/0xz  T_25.8, 4;
    %pushi/vec4 1, 0, 1;
    %store/vec4 v0x5cb31a931df0_0, 0, 1;
    %jmp T_25.9;
T_25.8 ;
    %pushi/vec4 0, 0, 1;
    %store/vec4 v0x5cb31a931df0_0, 0, 1;
T_25.9 ;
    %jmp T_25.7;
T_25.2 ;
    %load/vec4 v0x5cb31a932050_0;
    %flag_set/vec4 8;
    %jmp/0xz  T_25.10, 8;
    %pushi/vec4 0, 0, 1;
    %store/vec4 v0x5cb31a9314b0_0, 0, 1;
    %pushi/vec4 1, 0, 1;
    %store/vec4 v0x5cb31a931630_0, 0, 1;
    %pushi/vec4 0, 0, 1;
    %store/vec4 v0x5cb31a905240_0, 0, 1;
    %jmp T_25.11;
T_25.10 ;
    %pushi/vec4 1, 0, 1;
    %store/vec4 v0x5cb31a9314b0_0, 0, 1;
    %pushi/vec4 0, 0, 1;
    %store/vec4 v0x5cb31a931630_0, 0, 1;
    %pushi/vec4 1, 0, 1;
    %store/vec4 v0x5cb31a905240_0, 0, 1;
T_25.11 ;
    %jmp T_25.7;
T_25.3 ;
    %load/vec4 v0x5cb31a931890_0;
    %load/vec4 v0x5cb31a903330_0;
    %cmp/e;
    %flag_get/vec4 4;
    %nor/r;
    %flag_set/vec4 8;
    %jmp/0xz  T_25.12, 8;
    %pushi/vec4 1, 0, 1;
    %store/vec4 v0x5cb31a931a10_0, 0, 1;
    %pushi/vec4 1, 0, 1;
    %store/vec4 v0x5cb31a905240_0, 0, 1;
    %jmp T_25.13;
T_25.12 ;
    %pushi/vec4 0, 0, 1;
    %store/vec4 v0x5cb31a931a10_0, 0, 1;
    %pushi/vec4 0, 0, 1;
    %store/vec4 v0x5cb31a905240_0, 0, 1;
T_25.13 ;
    %jmp T_25.7;
T_25.4 ;
    %load/vec4 v0x5cb31a931570_0;
    %flag_set/vec4 9;
    %flag_get/vec4 9;
    %jmp/0 T_25.16, 9;
    %load/vec4 v0x5cb31a931f90_0;
    %and;
T_25.16;
    %flag_set/vec4 8;
    %jmp/0xz  T_25.14, 8;
    %pushi/vec4 1, 0, 1;
    %store/vec4 v0x5cb31a9317d0_0, 0, 1;
    %jmp T_25.15;
T_25.14 ;
    %pushi/vec4 0, 0, 1;
    %store/vec4 v0x5cb31a9317d0_0, 0, 1;
T_25.15 ;
    %jmp T_25.7;
T_25.5 ;
    %load/vec4 v0x5cb31a9317d0_0;
    %pad/u 32;
    %cmpi/e 1, 0, 32;
    %jmp/0xz  T_25.17, 4;
    %pushi/vec4 0, 0, 1;
    %store/vec4 v0x5cb31a932110_0, 0, 1;
    %pushi/vec4 1, 0, 1;
    %store/vec4 v0x5cb31a931c70_0, 0, 1;
    %jmp T_25.18;
T_25.17 ;
    %load/vec4 v0x5cb31a908670_0;
    %flag_set/vec4 8;
    %jmp/0xz  T_25.19, 8;
    %pushi/vec4 0, 0, 1;
    %store/vec4 v0x5cb31a931c70_0, 0, 1;
    %pushi/vec4 1, 0, 1;
    %store/vec4 v0x5cb31a932110_0, 0, 1;
    %jmp T_25.20;
T_25.19 ;
    %load/vec4 v0x5cb31a931570_0;
    %nor/r;
    %flag_set/vec4 9;
    %flag_get/vec4 9;
    %jmp/0 T_25.23, 9;
    %load/vec4 v0x5cb31a908670_0;
    %nor/r;
    %and;
T_25.23;
    %flag_set/vec4 8;
    %jmp/0xz  T_25.21, 8;
    %pushi/vec4 1, 0, 1;
    %store/vec4 v0x5cb31a932110_0, 0, 1;
    %pushi/vec4 1, 0, 1;
    %store/vec4 v0x5cb31a931c70_0, 0, 1;
    %jmp T_25.22;
T_25.21 ;
    %pushi/vec4 0, 0, 1;
    %store/vec4 v0x5cb31a932110_0, 0, 1;
    %pushi/vec4 0, 0, 1;
    %store/vec4 v0x5cb31a931c70_0, 0, 1;
T_25.22 ;
T_25.20 ;
T_25.18 ;
    %jmp T_25.7;
T_25.7 ;
    %pop/vec4 1;
    %jmp T_25;
    .thread T_25, $push;
    .scope S_0x5cb31a937a90;
T_26 ;
    %wait E_0x5cb31a7cd880;
    %load/vec4 v0x5cb31a938970_0;
    %flag_set/vec4 9;
    %flag_get/vec4 9;
    %jmp/0 T_26.2, 9;
    %load/vec4 v0x5cb31a938880_0;
    %and;
T_26.2;
    %flag_set/vec4 8;
    %jmp/0xz  T_26.0, 8;
    %load/vec4 v0x5cb31a938090_0;
    %pad/u 5;
    %ix/vec4 4;
    %load/vec4a v0x5cb31a938a60, 4;
    %assign/vec4 v0x5cb31a9384d0_0, 0;
T_26.0 ;
    %jmp T_26;
    .thread T_26;
    .scope S_0x5cb31a937a90;
T_27 ;
    %wait E_0x5cb31a7cd880;
    %load/vec4 v0x5cb31a938bc0_0;
    %flag_set/vec4 9;
    %flag_get/vec4 9;
    %jmp/0 T_27.2, 9;
    %load/vec4 v0x5cb31a938b20_0;
    %and;
T_27.2;
    %flag_set/vec4 8;
    %jmp/0xz  T_27.0, 8;
    %load/vec4 v0x5cb31a9383c0_0;
    %load/vec4 v0x5cb31a938170_0;
    %pad/u 5;
    %ix/vec4 3;
    %ix/load 4, 0, 0; Constant delay
    %assign/vec4/a/d v0x5cb31a938a60, 0, 4;
T_27.0 ;
    %jmp T_27;
    .thread T_27;
    .scope S_0x5cb31a935e10;
T_28 ;
    %wait E_0x5cb31a7e6ff0;
    %load/vec4 v0x5cb31a936670_0;
    %flag_set/vec4 8;
    %jmp/0xz  T_28.0, 8;
    %pushi/vec4 0, 0, 4;
    %assign/vec4 v0x5cb31a936490_0, 0;
    %jmp T_28.1;
T_28.0 ;
    %load/vec4 v0x5cb31a936990_0;
    %flag_set/vec4 9;
    %flag_get/vec4 9;
    %jmp/0 T_28.4, 9;
    %load/vec4 v0x5cb31a9368f0_0;
    %and;
T_28.4;
    %flag_set/vec4 8;
    %jmp/0xz  T_28.2, 8;
    %load/vec4 v0x5cb31a936490_0;
    %addi 1, 0, 4;
    %assign/vec4 v0x5cb31a936490_0, 0;
T_28.2 ;
T_28.1 ;
    %jmp T_28;
    .thread T_28;
    .scope S_0x5cb31a936b20;
T_29 ;
    %wait E_0x5cb31a7e6ff0;
    %load/vec4 v0x5cb31a937560_0;
    %flag_set/vec4 8;
    %jmp/0xz  T_29.0, 8;
    %pushi/vec4 0, 0, 4;
    %assign/vec4 v0x5cb31a937380_0, 0;
    %jmp T_29.1;
T_29.0 ;
    %load/vec4 v0x5cb31a937940_0;
    %flag_set/vec4 9;
    %flag_get/vec4 9;
    %jmp/0 T_29.4, 9;
    %load/vec4 v0x5cb31a937870_0;
    %and;
T_29.4;
    %flag_set/vec4 8;
    %jmp/0xz  T_29.2, 8;
    %load/vec4 v0x5cb31a937380_0;
    %addi 1, 0, 4;
    %assign/vec4 v0x5cb31a937380_0, 0;
T_29.2 ;
T_29.1 ;
    %jmp T_29;
    .thread T_29;
    .scope S_0x5cb31a9339b0;
T_30 ;
    %wait E_0x5cb31a7e6ff0;
    %load/vec4 v0x5cb31a934770_0;
    %flag_set/vec4 8;
    %jmp/0xz  T_30.0, 8;
    %pushi/vec4 0, 0, 4;
    %assign/vec4 v0x5cb31a9349f0_0, 0;
    %pushi/vec4 0, 0, 4;
    %assign/vec4 v0x5cb31a934a90_0, 0;
    %jmp T_30.1;
T_30.0 ;
    %load/vec4 v0x5cb31a934d10_0;
    %assign/vec4 v0x5cb31a9349f0_0, 0;
    %load/vec4 v0x5cb31a9349f0_0;
    %assign/vec4 v0x5cb31a934a90_0, 0;
T_30.1 ;
    %jmp T_30;
    .thread T_30;
    .scope S_0x5cb31a9339b0;
T_31 ;
    %wait E_0x5cb31a933fe0;
    %load/vec4 v0x5cb31a934a90_0;
    %parti/s 1, 3, 3;
    %ix/load 4, 3, 0;
    %flag_set/imm 4, 0;
    %store/vec4 v0x5cb31a9343d0_0, 4, 1;
    %pushi/vec4 2, 0, 32;
    %store/vec4 v0x5cb31a9351a0_0, 0, 32;
T_31.0 ;
    %load/vec4 v0x5cb31a9351a0_0;
    %cmpi/s 0, 0, 32;
    %flag_inv 5; GE is !LT
    %jmp/0xz T_31.1, 5;
    %load/vec4 v0x5cb31a9343d0_0;
    %load/vec4 v0x5cb31a9351a0_0;
    %addi 1, 0, 32;
    %part/s 1;
    %load/vec4 v0x5cb31a934a90_0;
    %load/vec4 v0x5cb31a9351a0_0;
    %part/s 1;
    %xor;
    %ix/getv/s 4, v0x5cb31a9351a0_0;
    %store/vec4 v0x5cb31a9343d0_0, 4, 1;
    %load/vec4 v0x5cb31a9351a0_0;
    %subi 1, 0, 32;
    %store/vec4 v0x5cb31a9351a0_0, 0, 32;
    %jmp T_31.0;
T_31.1 ;
    %jmp T_31;
    .thread T_31, $push;
    .scope S_0x5cb31a9339b0;
T_32 ;
    %wait E_0x5cb31a933f40;
    %load/vec4 v0x5cb31a934120_0;
    %load/vec4 v0x5cb31a935670_0;
    %flag_set/vec4 8;
    %flag_get/vec4 8;
    %jmp/0 T_32.0, 8;
    %load/vec4 v0x5cb31a9355a0_0;
    %and;
T_32.0;
    %pad/u 4;
    %add;
    %store/vec4 v0x5cb31a9342f0_0, 0, 4;
    %load/vec4 v0x5cb31a9342f0_0;
    %load/vec4 v0x5cb31a9342f0_0;
    %ix/load 4, 1, 0;
    %flag_set/imm 4, 0;
    %shiftr 4;
    %xor;
    %store/vec4 v0x5cb31a9350c0_0, 0, 4;
    %jmp T_32;
    .thread T_32, $push;
    .scope S_0x5cb31a9339b0;
T_33 ;
    %wait E_0x5cb31a7cd880;
    %load/vec4 v0x5cb31a9350c0_0;
    %load/vec4 v0x5cb31a934a90_0;
    %parti/s 2, 2, 3;
    %inv;
    %load/vec4 v0x5cb31a934a90_0;
    %parti/s 2, 0, 2;
    %concat/vec4; draw_concat_vec4
    %cmp/e;
    %flag_get/vec4 4;
    %assign/vec4 v0x5cb31a934950_0, 0;
    %jmp T_33;
    .thread T_33;
    .scope S_0x5cb31a9339b0;
T_34 ;
    %wait E_0x5cb31a7cd880;
    %pushi/vec4 6, 0, 32;
    %load/vec4 v0x5cb31a934120_0;
    %pad/u 32;
    %load/vec4 v0x5cb31a9343d0_0;
    %pad/u 32;
    %sub;
    %cmp/u;
    %flag_get/vec4 4;
    %flag_get/vec4 5;
    %or;
    %assign/vec4 v0x5cb31a935420_0, 0;
    %jmp T_34;
    .thread T_34;
    .scope S_0x5cb31a9339b0;
T_35 ;
    %wait E_0x5cb31a7cd880;
    %load/vec4 v0x5cb31a9348b0_0;
    %flag_set/vec4 9;
    %flag_get/vec4 9;
    %jmp/0 T_35.1, 9;
    %load/vec4 v0x5cb31a934950_0;
    %nor/r;
    %and;
T_35.1;
    %flag_set/vec4 8;
    %flag_get/vec4 8;
    %jmp/0 T_35.0, 8;
    %load/vec4 v0x5cb31a935420_0;
    %nor/r;
    %and;
T_35.0;
    %assign/vec4 v0x5cb31a935670_0, 0;
    %jmp T_35;
    .thread T_35;
    .scope S_0x5cb31a9339b0;
T_36 ;
    %wait E_0x5cb31a7e6ff0;
    %load/vec4 v0x5cb31a934770_0;
    %flag_set/vec4 8;
    %jmp/0xz  T_36.0, 8;
    %pushi/vec4 0, 0, 4;
    %assign/vec4 v0x5cb31a934c30_0, 0;
    %pushi/vec4 0, 0, 4;
    %assign/vec4 v0x5cb31a934b50_0, 0;
    %jmp T_36.1;
T_36.0 ;
    %load/vec4 v0x5cb31a934f00_0;
    %assign/vec4 v0x5cb31a934c30_0, 0;
    %load/vec4 v0x5cb31a934c30_0;
    %assign/vec4 v0x5cb31a934b50_0, 0;
T_36.1 ;
    %jmp T_36;
    .thread T_36;
    .scope S_0x5cb31a9339b0;
T_37 ;
    %wait E_0x5cb31a933ee0;
    %load/vec4 v0x5cb31a934b50_0;
    %parti/s 1, 3, 3;
    %ix/load 4, 3, 0;
    %flag_set/imm 4, 0;
    %store/vec4 v0x5cb31a934500_0, 4, 1;
    %pushi/vec4 2, 0, 32;
    %store/vec4 v0x5cb31a935280_0, 0, 32;
T_37.0 ;
    %load/vec4 v0x5cb31a935280_0;
    %cmpi/s 0, 0, 32;
    %flag_inv 5; GE is !LT
    %jmp/0xz T_37.1, 5;
    %load/vec4 v0x5cb31a934500_0;
    %load/vec4 v0x5cb31a935280_0;
    %addi 1, 0, 32;
    %part/s 1;
    %load/vec4 v0x5cb31a934b50_0;
    %load/vec4 v0x5cb31a935280_0;
    %part/s 1;
    %xor;
    %ix/getv/s 4, v0x5cb31a935280_0;
    %store/vec4 v0x5cb31a934500_0, 4, 1;
    %load/vec4 v0x5cb31a935280_0;
    %subi 1, 0, 32;
    %store/vec4 v0x5cb31a935280_0, 0, 32;
    %jmp T_37.0;
T_37.1 ;
    %jmp T_37;
    .thread T_37, $push;
    .scope S_0x5cb31a9339b0;
T_38 ;
    %wait E_0x5cb31a92caf0;
    %load/vec4 v0x5cb31a934040_0;
    %addi 1, 0, 4;
    %store/vec4 v0x5cb31a934200_0, 0, 4;
    %load/vec4 v0x5cb31a934200_0;
    %load/vec4 v0x5cb31a934200_0;
    %ix/load 4, 1, 0;
    %flag_set/imm 4, 0;
    %shiftr 4;
    %xor;
    %store/vec4 v0x5cb31a934fe0_0, 0, 4;
    %jmp T_38;
    .thread T_38, $push;
    .scope S_0x5cb31a9339b0;
T_39 ;
    %wait E_0x5cb31a7cd880;
    %load/vec4 v0x5cb31a934d10_0;
    %load/vec4 v0x5cb31a934b50_0;
    %cmp/e;
    %flag_get/vec4 4;
    %assign/vec4 v0x5cb31a934810_0, 0;
    %jmp T_39;
    .thread T_39;
    .scope S_0x5cb31a9339b0;
T_40 ;
    %wait E_0x5cb31a7cd880;
    %load/vec4 v0x5cb31a934500_0;
    %pad/u 32;
    %load/vec4 v0x5cb31a934040_0;
    %pad/u 32;
    %sub;
    %cmpi/u 2, 0, 32;
    %flag_get/vec4 4;
    %flag_get/vec4 5;
    %or;
    %assign/vec4 v0x5cb31a935360_0, 0;
    %jmp T_40;
    .thread T_40;
    .scope S_0x5cb31a9339b0;
T_41 ;
    %wait E_0x5cb31a7cd880;
    %load/vec4 v0x5cb31a9348b0_0;
    %flag_set/vec4 9;
    %flag_get/vec4 9;
    %jmp/0 T_41.1, 9;
    %load/vec4 v0x5cb31a934810_0;
    %nor/r;
    %and;
T_41.1;
    %flag_set/vec4 8;
    %flag_get/vec4 8;
    %jmp/0 T_41.0, 8;
    %load/vec4 v0x5cb31a935360_0;
    %nor/r;
    %and;
T_41.0;
    %assign/vec4 v0x5cb31a9354e0_0, 0;
    %jmp T_41;
    .thread T_41;
    .scope S_0x5cb31a9329a0;
T_42 ;
    %pushi/vec4 0, 0, 4;
    %store/vec4 v0x5cb31a933400_0, 0, 4;
    %end;
    .thread T_42, $init;
    .scope S_0x5cb31a9329a0;
T_43 ;
    %wait E_0x5cb31a7e6ff0;
    %load/vec4 v0x5cb31a933330_0;
    %flag_set/vec4 8;
    %jmp/0xz  T_43.0, 8;
    %pushi/vec4 0, 0, 4;
    %assign/vec4 v0x5cb31a932ec0_0, 0;
    %pushi/vec4 0, 0, 4;
    %assign/vec4 v0x5cb31a933400_0, 0;
    %pushi/vec4 0, 0, 5;
    %assign/vec4 v0x5cb31a933070_0, 0;
    %jmp T_43.1;
T_43.0 ;
    %load/vec4 v0x5cb31a933290_0;
    %flag_set/vec4 8;
    %jmp/0xz  T_43.2, 8;
    %load/vec4 v0x5cb31a932ec0_0;
    %pad/u 32;
    %cmpi/e 12, 0, 32;
    %jmp/0xz  T_43.4, 4;
    %pushi/vec4 0, 0, 4;
    %assign/vec4 v0x5cb31a932ec0_0, 0;
    %jmp T_43.5;
T_43.4 ;
    %load/vec4 v0x5cb31a933400_0;
    %pad/u 32;
    %cmpi/e 15, 0, 32;
    %jmp/0xz  T_43.6, 4;
    %load/vec4 v0x5cb31a932ec0_0;
    %addi 1, 0, 4;
    %assign/vec4 v0x5cb31a932ec0_0, 0;
    %pushi/vec4 0, 0, 4;
    %assign/vec4 v0x5cb31a933400_0, 0;
    %jmp T_43.7;
T_43.6 ;
    %load/vec4 v0x5cb31a933070_0;
    %load/vec4 v0x5cb31a9331d0_0;
    %cmp/e;
    %jmp/0xz  T_43.8, 4;
    %load/vec4 v0x5cb31a933400_0;
    %addi 1, 0, 4;
    %assign/vec4 v0x5cb31a933400_0, 0;
    %pushi/vec4 0, 0, 5;
    %assign/vec4 v0x5cb31a933070_0, 0;
    %jmp T_43.9;
T_43.8 ;
    %load/vec4 v0x5cb31a933070_0;
    %load/vec4 v0x5cb31a9331d0_0;
    %cmp/u;
    %jmp/0xz  T_43.10, 5;
    %load/vec4 v0x5cb31a933070_0;
    %addi 1, 0, 5;
    %assign/vec4 v0x5cb31a933070_0, 0;
T_43.10 ;
T_43.9 ;
T_43.7 ;
T_43.5 ;
T_43.2 ;
T_43.1 ;
    %jmp T_43;
    .thread T_43;
    .scope S_0x5cb31a93b920;
T_44 ;
    %wait E_0x5cb31a7e6ff0;
    %load/vec4 v0x5cb31a93bde0_0;
    %flag_set/vec4 8;
    %jmp/0xz  T_44.0, 8;
    %pushi/vec4 0, 0, 1;
    %assign/vec4 v0x5cb31a93c100_0, 0;
    %pushi/vec4 0, 0, 1;
    %assign/vec4 v0x5cb31a93c250_0, 0;
    %jmp T_44.1;
T_44.0 ;
    %load/vec4 v0x5cb31a93bf20_0;
    %assign/vec4 v0x5cb31a93c100_0, 0;
    %load/vec4 v0x5cb31a93c100_0;
    %assign/vec4 v0x5cb31a93c250_0, 0;
T_44.1 ;
    %jmp T_44;
    .thread T_44;
    .scope S_0x5cb31a93b920;
T_45 ;
    %wait E_0x5cb31a7e6ff0;
    %load/vec4 v0x5cb31a93bde0_0;
    %flag_set/vec4 8;
    %jmp/0xz  T_45.0, 8;
    %pushi/vec4 0, 0, 1;
    %assign/vec4 v0x5cb31a93bfc0_0, 0;
    %jmp T_45.1;
T_45.0 ;
    %load/vec4 v0x5cb31a93c100_0;
    %load/vec4 v0x5cb31a93c250_0;
    %inv;
    %and;
    %assign/vec4 v0x5cb31a93bfc0_0, 0;
T_45.1 ;
    %jmp T_45;
    .thread T_45;
    .scope S_0x5cb31a93b920;
T_46 ;
    %wait E_0x5cb31a7e6ff0;
    %load/vec4 v0x5cb31a93bde0_0;
    %flag_set/vec4 8;
    %jmp/0xz  T_46.0, 8;
    %pushi/vec4 0, 0, 11;
    %assign/vec4 v0x5cb31a93c060_0, 0;
    %jmp T_46.1;
T_46.0 ;
    %load/vec4 v0x5cb31a93bd40_0;
    %flag_set/vec4 8;
    %jmp/0xz  T_46.2, 8;
    %pushi/vec4 0, 0, 11;
    %assign/vec4 v0x5cb31a93c060_0, 0;
    %jmp T_46.3;
T_46.2 ;
    %load/vec4 v0x5cb31a93bfc0_0;
    %flag_set/vec4 9;
    %flag_get/vec4 9;
    %jmp/0 T_46.6, 9;
    %load/vec4 v0x5cb31a93bba0_0;
    %pad/u 32;
    %cmpi/u 11, 0, 32;
    %flag_get/vec4 5;
    %and;
T_46.6;
    %flag_set/vec4 8;
    %jmp/0xz  T_46.4, 8;
    %load/vec4 v0x5cb31a93be80_0;
    %load/vec4 v0x5cb31a93c060_0;
    %parti/s 10, 1, 2;
    %concat/vec4; draw_concat_vec4
    %assign/vec4 v0x5cb31a93c060_0, 0;
T_46.4 ;
T_46.3 ;
T_46.1 ;
    %jmp T_46;
    .thread T_46;
    .scope S_0x5cb31a9324b0;
T_47 ;
    %wait E_0x5cb31a7e6ff0;
    %load/vec4 v0x5cb31a93d400_0;
    %flag_set/vec4 8;
    %jmp/0xz  T_47.0, 8;
    %pushi/vec4 0, 0, 1;
    %assign/vec4 v0x5cb31a93d830_0, 0;
    %jmp T_47.1;
T_47.0 ;
    %load/vec4 v0x5cb31a93cae0_0;
    %flag_set/vec4 8;
    %jmp/0xz  T_47.2, 8;
    %load/vec4 v0x5cb31a93c430_0;
    %pad/u 32;
    %cmpi/e 0, 0, 32;
    %flag_get/vec4 4;
    %jmp/0 T_47.6, 4;
    %load/vec4 v0x5cb31a93d650_0;
    %and;
T_47.6;
    %flag_set/vec4 8;
    %jmp/0xz  T_47.4, 8;
    %load/vec4 v0x5cb31a93d2c0_0;
    %parti/s 1, 10, 5;
    %pad/u 32;
    %cmpi/e 0, 0, 32;
    %jmp/0xz  T_47.7, 4;
    %pushi/vec4 1, 0, 1;
    %assign/vec4 v0x5cb31a93d830_0, 0;
    %jmp T_47.8;
T_47.7 ;
    %pushi/vec4 0, 0, 1;
    %assign/vec4 v0x5cb31a93d830_0, 0;
T_47.8 ;
    %jmp T_47.5;
T_47.4 ;
    %pushi/vec4 0, 0, 1;
    %assign/vec4 v0x5cb31a93d830_0, 0;
T_47.5 ;
T_47.2 ;
T_47.1 ;
    %jmp T_47;
    .thread T_47;
    .scope S_0x5cb31a9324b0;
T_48 ;
    %wait E_0x5cb31a7e6ff0;
    %load/vec4 v0x5cb31a93d400_0;
    %flag_set/vec4 8;
    %jmp/0xz  T_48.0, 8;
    %pushi/vec4 0, 0, 1;
    %assign/vec4 v0x5cb31a93d8d0_0, 0;
    %jmp T_48.1;
T_48.0 ;
    %load/vec4 v0x5cb31a93cae0_0;
    %flag_set/vec4 8;
    %jmp/0xz  T_48.2, 8;
    %load/vec4 v0x5cb31a93c430_0;
    %pad/u 32;
    %cmpi/e 11, 0, 32;
    %flag_get/vec4 4;
    %jmp/0 T_48.6, 4;
    %load/vec4 v0x5cb31a93d650_0;
    %and;
T_48.6;
    %flag_set/vec4 8;
    %jmp/0xz  T_48.4, 8;
    %load/vec4 v0x5cb31a93d2c0_0;
    %parti/s 1, 10, 5;
    %assign/vec4 v0x5cb31a93d8d0_0, 0;
    %jmp T_48.5;
T_48.4 ;
    %load/vec4 v0x5cb31a93c670_0;
    %flag_set/vec4 8;
    %jmp/0xz  T_48.7, 8;
    %pushi/vec4 0, 0, 1;
    %assign/vec4 v0x5cb31a93d8d0_0, 0;
T_48.7 ;
T_48.5 ;
T_48.2 ;
T_48.1 ;
    %jmp T_48;
    .thread T_48;
    .scope S_0x5cb31a9324b0;
T_49 ;
    %wait E_0x5cb31a7e6ff0;
    %load/vec4 v0x5cb31a93d400_0;
    %flag_set/vec4 8;
    %jmp/0xz  T_49.0, 8;
    %pushi/vec4 0, 0, 1;
    %assign/vec4 v0x5cb31a93cc10_0, 0;
    %jmp T_49.1;
T_49.0 ;
    %load/vec4 v0x5cb31a93d970_0;
    %pad/u 32;
    %cmpi/e 0, 0, 32;
    %flag_get/vec4 4;
    %jmp/0 T_49.4, 4;
    %load/vec4 v0x5cb31a93da10_0;
    %pad/u 32;
    %pushi/vec4 1, 0, 32;
    %cmp/e;
    %flag_get/vec4 4;
    %and;
T_49.4;
    %flag_set/vec4 8;
    %jmp/0xz  T_49.2, 8;
    %pushi/vec4 1, 0, 1;
    %assign/vec4 v0x5cb31a93cc10_0, 0;
T_49.2 ;
T_49.1 ;
    %jmp T_49;
    .thread T_49;
    .scope S_0x5cb31a9324b0;
T_50 ;
    %wait E_0x5cb31a7e6ff0;
    %load/vec4 v0x5cb31a93d400_0;
    %flag_set/vec4 8;
    %jmp/0xz  T_50.0, 8;
    %pushi/vec4 0, 0, 1;
    %assign/vec4 v0x5cb31a93da10_0, 0;
    %pushi/vec4 0, 0, 1;
    %assign/vec4 v0x5cb31a93d970_0, 0;
    %jmp T_50.1;
T_50.0 ;
    %load/vec4 v0x5cb31a93cae0_0;
    %flag_set/vec4 8;
    %jmp/0xz  T_50.2, 8;
    %load/vec4 v0x5cb31a93d5b0_0;
    %assign/vec4 v0x5cb31a93d970_0, 0;
    %load/vec4 v0x5cb31a93d970_0;
    %assign/vec4 v0x5cb31a93da10_0, 0;
T_50.2 ;
T_50.1 ;
    %jmp T_50;
    .thread T_50;
    .scope S_0x5cb31a9324b0;
T_51 ;
    %wait E_0x5cb31a7e6ff0;
    %load/vec4 v0x5cb31a93d400_0;
    %flag_set/vec4 8;
    %jmp/0xz  T_51.0, 8;
    %pushi/vec4 0, 0, 8;
    %assign/vec4 v0x5cb31a93c760_0, 0;
    %pushi/vec4 0, 0, 1;
    %assign/vec4 v0x5cb31a93cf30_0, 0;
    %jmp T_51.1;
T_51.0 ;
    %load/vec4 v0x5cb31a93cae0_0;
    %flag_set/vec4 8;
    %jmp/0xz  T_51.2, 8;
    %load/vec4 v0x5cb31a93cd50_0;
    %flag_set/vec4 8;
    %jmp/0xz  T_51.4, 8;
    %load/vec4 v0x5cb31a93d2c0_0;
    %parti/s 8, 1, 2;
    %assign/vec4 v0x5cb31a93c760_0, 0;
    %load/vec4 v0x5cb31a93d2c0_0;
    %parti/s 1, 9, 5;
    %assign/vec4 v0x5cb31a93cf30_0, 0;
T_51.4 ;
T_51.2 ;
T_51.1 ;
    %jmp T_51;
    .thread T_51;
    .scope S_0x5cb31a90ab50;
T_52 ;
    %wait E_0x5cb31a7e6ff0;
    %pushi/vec4 0, 0, 1;
    %assign/vec4 v0x5cb31a94db40_0, 0;
    %pushi/vec4 0, 0, 1;
    %assign/vec4 v0x5cb31a94dd60_0, 0;
    %pushi/vec4 0, 0, 1;
    %assign/vec4 v0x5cb31a94cda0_0, 0;
    %load/vec4 v0x5cb31a94dc00_0;
    %flag_set/vec4 8;
    %jmp/0xz  T_52.0, 8;
    %pushi/vec4 0, 0, 32;
    %store/vec4 v0x5cb31a94cf80_0, 0, 32;
T_52.2 ;
    %load/vec4 v0x5cb31a94cf80_0;
    %cmpi/s 8, 0, 32;
    %jmp/0xz T_52.3, 5;
    %pushi/vec4 0, 0, 32;
    %ix/getv/s 3, v0x5cb31a94cf80_0;
    %ix/load 4, 0, 0; Constant delay
    %assign/vec4/a/d v0x5cb31a94e0a0, 0, 4;
    %load/vec4 v0x5cb31a94cf80_0;
    %addi 1, 0, 32;
    %store/vec4 v0x5cb31a94cf80_0, 0, 32;
    %jmp T_52.2;
T_52.3 ;
    %pushi/vec4 0, 0, 1;
    %assign/vec4 v0x5cb31a94cda0_0, 0;
    %pushi/vec4 0, 0, 1;
    %assign/vec4 v0x5cb31a94db40_0, 0;
    %pushi/vec4 0, 0, 1;
    %assign/vec4 v0x5cb31a94dd60_0, 0;
    %jmp T_52.1;
T_52.0 ;
    %load/vec4 v0x5cb31a94dca0_0;
    %flag_set/vec4 10;
    %flag_get/vec4 10;
    %jmp/0 T_52.7, 10;
    %load/vec4 v0x5cb31a94d9c0_0;
    %and;
T_52.7;
    %flag_set/vec4 9;
    %flag_get/vec4 9;
    %jmp/0 T_52.6, 9;
    %load/vec4 v0x5cb31a94dfc0_0;
    %pad/u 32;
    %cmpi/u 4, 0, 32;
    %flag_get/vec4 4;
    %flag_get/vec4 5;
    %or;
    %and;
T_52.6;
    %flag_set/vec4 8;
    %jmp/0xz  T_52.4, 8;
    %load/vec4 v0x5cb31a94d3c0_0;
    %nor/r;
    %flag_set/vec4 8;
    %jmp/0xz  T_52.8, 8;
    %load/vec4 v0x5cb31a94df00_0;
    %flag_set/vec4 8;
    %jmp/0xz  T_52.10, 8;
    %load/vec4 v0x5cb31a94de20_0;
    %load/vec4 v0x5cb31a94dfc0_0;
    %pad/u 5;
    %ix/vec4 3;
    %ix/load 4, 0, 0; Constant delay
    %assign/vec4/a/d v0x5cb31a94e0a0, 0, 4;
    %pushi/vec4 1, 0, 1;
    %assign/vec4 v0x5cb31a94cda0_0, 0;
    %pushi/vec4 1, 0, 1;
    %assign/vec4 v0x5cb31a94db40_0, 0;
    %jmp T_52.11;
T_52.10 ;
    %load/vec4 v0x5cb31a94dfc0_0;
    %pad/u 5;
    %ix/vec4 4;
    %load/vec4a v0x5cb31a94e0a0, 4;
    %assign/vec4 v0x5cb31a94da60_0, 0;
    %pushi/vec4 1, 0, 1;
    %assign/vec4 v0x5cb31a94db40_0, 0;
T_52.11 ;
    %jmp T_52.9;
T_52.8 ;
    %pushi/vec4 0, 0, 1;
    %assign/vec4 v0x5cb31a94db40_0, 0;
T_52.9 ;
    %jmp T_52.5;
T_52.4 ;
    %load/vec4 v0x5cb31a94dca0_0;
    %flag_set/vec4 10;
    %flag_get/vec4 10;
    %jmp/0 T_52.15, 10;
    %load/vec4 v0x5cb31a94d9c0_0;
    %and;
T_52.15;
    %flag_set/vec4 9;
    %flag_get/vec4 9;
    %jmp/0 T_52.14, 9;
    %load/vec4 v0x5cb31a94dfc0_0;
    %pad/u 32;
    %cmpi/u 4, 0, 32;
    %flag_get/vec4 4;
    %flag_get/vec4 5;
    %or;
    %nor/r;
    %and;
T_52.14;
    %flag_set/vec4 8;
    %jmp/0xz  T_52.12, 8;
    %pushi/vec4 0, 0, 1;
    %assign/vec4 v0x5cb31a94db40_0, 0;
    %pushi/vec4 1, 0, 1;
    %assign/vec4 v0x5cb31a94dd60_0, 0;
    %jmp T_52.13;
T_52.12 ;
    %pushi/vec4 0, 0, 1;
    %assign/vec4 v0x5cb31a94db40_0, 0;
    %pushi/vec4 0, 0, 1;
    %assign/vec4 v0x5cb31a94dd60_0, 0;
T_52.13 ;
T_52.5 ;
T_52.1 ;
    %jmp T_52;
    .thread T_52;
    .scope S_0x5cb31a90ab50;
T_53 ;
    %wait E_0x5cb31a7cd880;
    %load/vec4 v0x5cb31a94d790_0;
    %ix/load 3, 1, 0;
    %flag_set/imm 4, 0;
    %ix/load 4, 0, 0; Constant delay
    %assign/vec4/a/d v0x5cb31a94e0a0, 0, 4;
    %load/vec4 v0x5cb31a94ce40_0;
    %ix/load 3, 1, 0;
    %flag_set/imm 4, 0;
    %ix/load 4, 8, 0; part off
    %ix/load 5, 0, 0; Constant delay
    %assign/vec4/a/d v0x5cb31a94e0a0, 4, 5;
    %load/vec4 v0x5cb31a94d460_0;
    %ix/load 3, 1, 0;
    %flag_set/imm 4, 0;
    %ix/load 4, 16, 0; part off
    %ix/load 5, 0, 0; Constant delay
    %assign/vec4/a/d v0x5cb31a94e0a0, 4, 5;
    %load/vec4 v0x5cb31a94ca20_0;
    %ix/load 3, 1, 0;
    %flag_set/imm 4, 0;
    %ix/load 4, 24, 0; part off
    %ix/load 5, 0, 0; Constant delay
    %assign/vec4/a/d v0x5cb31a94e0a0, 4, 5;
    %load/vec4 v0x5cb31a94cc20_0;
    %ix/load 3, 4, 0;
    %flag_set/imm 4, 0;
    %ix/load 4, 0, 0; Constant delay
    %assign/vec4/a/d v0x5cb31a94e0a0, 0, 4;
    %jmp T_53;
    .thread T_53;
    .scope S_0x5cb31a90ab50;
T_54 ;
    %wait E_0x5cb31a7e6ff0;
    %pushi/vec4 0, 0, 1;
    %assign/vec4 v0x5cb31a94d060_0, 0;
    %load/vec4 v0x5cb31a94dc00_0;
    %flag_set/vec4 8;
    %jmp/0xz  T_54.0, 8;
    %pushi/vec4 0, 0, 1;
    %assign/vec4 v0x5cb31a94e2b0_0, 0;
    %pushi/vec4 0, 0, 1;
    %assign/vec4 v0x5cb31a94d060_0, 0;
    %jmp T_54.1;
T_54.0 ;
    %load/vec4 v0x5cb31a94d320_0;
    %flag_set/vec4 8;
    %jmp/0xz  T_54.2, 8;
    %pushi/vec4 0, 0, 1;
    %assign/vec4 v0x5cb31a94e2b0_0, 0;
    %pushi/vec4 1, 0, 1;
    %assign/vec4 v0x5cb31a94d060_0, 0;
    %jmp T_54.3;
T_54.2 ;
    %pushi/vec4 1, 0, 1;
    %assign/vec4 v0x5cb31a94e2b0_0, 0;
T_54.3 ;
T_54.1 ;
    %jmp T_54;
    .thread T_54;
    .scope S_0x5cb31a90ab50;
T_55 ;
    %wait E_0x5cb31a7e6ff0;
    %pushi/vec4 0, 0, 1;
    %assign/vec4 v0x5cb31a94d120_0, 0;
    %load/vec4 v0x5cb31a94dc00_0;
    %flag_set/vec4 8;
    %jmp/0xz  T_55.0, 8;
    %pushi/vec4 0, 0, 1;
    %assign/vec4 v0x5cb31a94d120_0, 0;
    %jmp T_55.1;
T_55.0 ;
    %load/vec4 v0x5cb31a94d280_0;
    %flag_set/vec4 8;
    %jmp/0xz  T_55.2, 8;
    %pushi/vec4 1, 0, 1;
    %assign/vec4 v0x5cb31a94d120_0, 0;
T_55.2 ;
T_55.1 ;
    %jmp T_55;
    .thread T_55;
    .scope S_0x5cb31a8f2b30;
T_56 ;
    %delay 5, 0;
    %load/vec4 v0x5cb31a94f030_0;
    %inv;
    %store/vec4 v0x5cb31a94f030_0, 0, 1;
    %jmp T_56;
    .thread T_56;
    .scope S_0x5cb31a8f2b30;
T_57 ;
    %pushi/vec4 0, 0, 1;
    %store/vec4 v0x5cb31a94f030_0, 0, 1;
    %pushi/vec4 0, 0, 1;
    %store/vec4 v0x5cb31a94f300_0, 0, 1;
    %pushi/vec4 0, 0, 1;
    %store/vec4 v0x5cb31a94f120_0, 0, 1;
    %pushi/vec4 0, 0, 1;
    %store/vec4 v0x5cb31a94f580_0, 0, 1;
    %pushi/vec4 0, 0, 1;
    %store/vec4 v0x5cb31a94f3a0_0, 0, 1;
    %pushi/vec4 0, 0, 1;
    %store/vec4 v0x5cb31a94f6f0_0, 0, 1;
    %pushi/vec4 0, 0, 1;
    %store/vec4 v0x5cb31a94ed90_0, 0, 1;
    %pushi/vec4 0, 0, 5;
    %store/vec4 v0x5cb31a94ef90_0, 0, 5;
    %pushi/vec4 0, 0, 32;
    %store/vec4 v0x5cb31a94f4e0_0, 0, 32;
    %vpi_call/w 3 63 "$dumpfile", "apb_uart.vcd" {0 0 0};
    %vpi_call/w 3 64 "$dumpvars", 32'sb00000000000000000000000000000000, S_0x5cb31a8f2b30 {0 0 0};
    %vpi_call/w 3 65 "$dumpvars", 32'sb00000000000000000000000000000000, &A<v0x5cb31a94e0a0, 0> {0 0 0};
    %vpi_call/w 3 66 "$dumpvars", 32'sb00000000000000000000000000000000, &A<v0x5cb31a94e0a0, 1> {0 0 0};
    %vpi_call/w 3 67 "$dumpvars", 32'sb00000000000000000000000000000000, &A<v0x5cb31a94e0a0, 2> {0 0 0};
    %vpi_call/w 3 68 "$dumpvars", 32'sb00000000000000000000000000000000, &A<v0x5cb31a94e0a0, 3> {0 0 0};
    %vpi_call/w 3 69 "$dumpvars", 32'sb00000000000000000000000000000000, &A<v0x5cb31a94e0a0, 4> {0 0 0};
    %vpi_call/w 3 70 "$dumpvars", 32'sb00000000000000000000000000000000, &A<v0x5cb31a94e0a0, 5> {0 0 0};
    %vpi_call/w 3 71 "$dumpvars", 32'sb00000000000000000000000000000000, &A<v0x5cb31a94e0a0, 6> {0 0 0};
    %vpi_call/w 3 72 "$dumpvars", 32'sb00000000000000000000000000000000, &A<v0x5cb31a94e0a0, 7> {0 0 0};
    %vpi_call/w 3 74 "$dumpvars", 32'sb00000000000000000000000000000000, &A<v0x5cb31a946ac0, 0> {0 0 0};
    %vpi_call/w 3 75 "$dumpvars", 32'sb00000000000000000000000000000000, &A<v0x5cb31a946ac0, 1> {0 0 0};
    %vpi_call/w 3 76 "$dumpvars", 32'sb00000000000000000000000000000000, &A<v0x5cb31a946ac0, 2> {0 0 0};
    %vpi_call/w 3 77 "$dumpvars", 32'sb00000000000000000000000000000000, &A<v0x5cb31a946ac0, 3> {0 0 0};
    %vpi_call/w 3 78 "$dumpvars", 32'sb00000000000000000000000000000000, &A<v0x5cb31a946ac0, 4> {0 0 0};
    %vpi_call/w 3 79 "$dumpvars", 32'sb00000000000000000000000000000000, &A<v0x5cb31a946ac0, 5> {0 0 0};
    %vpi_call/w 3 80 "$dumpvars", 32'sb00000000000000000000000000000000, &A<v0x5cb31a946ac0, 6> {0 0 0};
    %vpi_call/w 3 81 "$dumpvars", 32'sb00000000000000000000000000000000, &A<v0x5cb31a946ac0, 7> {0 0 0};
    %vpi_call/w 3 83 "$dumpvars", 32'sb00000000000000000000000000000000, &A<v0x5cb31a938a60, 0> {0 0 0};
    %vpi_call/w 3 84 "$dumpvars", 32'sb00000000000000000000000000000000, &A<v0x5cb31a938a60, 1> {0 0 0};
    %vpi_call/w 3 85 "$dumpvars", 32'sb00000000000000000000000000000000, &A<v0x5cb31a938a60, 2> {0 0 0};
    %vpi_call/w 3 86 "$dumpvars", 32'sb00000000000000000000000000000000, &A<v0x5cb31a938a60, 3> {0 0 0};
    %vpi_call/w 3 87 "$dumpvars", 32'sb00000000000000000000000000000000, &A<v0x5cb31a938a60, 4> {0 0 0};
    %vpi_call/w 3 88 "$dumpvars", 32'sb00000000000000000000000000000000, &A<v0x5cb31a938a60, 5> {0 0 0};
    %vpi_call/w 3 89 "$dumpvars", 32'sb00000000000000000000000000000000, &A<v0x5cb31a938a60, 6> {0 0 0};
    %vpi_call/w 3 90 "$dumpvars", 32'sb00000000000000000000000000000000, &A<v0x5cb31a938a60, 7> {0 0 0};
    %delay 10000, 0;
    %vpi_call/w 3 91 "$finish" {0 0 0};
    %end;
    .thread T_57;
    .scope S_0x5cb31a8f2b30;
T_58 ;
    %delay 22, 0;
    %pushi/vec4 1, 0, 1;
    %store/vec4 v0x5cb31a94f300_0, 0, 1;
    %delay 20, 0;
    %pushi/vec4 0, 0, 1;
    %store/vec4 v0x5cb31a94f300_0, 0, 1;
    %delay 20, 0;
    %pushi/vec4 1, 0, 1;
    %store/vec4 v0x5cb31a94f3a0_0, 0, 1;
    %delay 20, 0;
    %pushi/vec4 1, 0, 1;
    %store/vec4 v0x5cb31a94f120_0, 0, 1;
    %delay 10, 0;
    %pushi/vec4 1, 0, 1;
    %store/vec4 v0x5cb31a94f580_0, 0, 1;
    %delay 20, 0;
    %pushi/vec4 21, 0, 5;
    %store/vec4 v0x5cb31a94ebd0_0, 0, 5;
    %pushi/vec4 16843009, 0, 32;
    %store/vec4 v0x5cb31a94ecb0_0, 0, 32;
    %fork TD_test.push, S_0x5cb31a94e9d0;
    %join;
    %delay 20, 0;
    %pushi/vec4 0, 0, 5;
    %store/vec4 v0x5cb31a94ebd0_0, 0, 5;
    %pushi/vec4 16843009, 0, 32;
    %store/vec4 v0x5cb31a94ecb0_0, 0, 32;
    %fork TD_test.push, S_0x5cb31a94e9d0;
    %join;
    %delay 2, 0;
    %vpi_call/w 3 102 "$display", "config : en = %b | tx/rx = %b | parity_en = %b | odd/even = %b | time : %d ", &APV<v0x5cb31a94e0a0, 0, 0, 1>, &APV<v0x5cb31a94e0a0, 0, 8, 1>, &APV<v0x5cb31a94e0a0, 0, 16, 1>, &APV<v0x5cb31a94e0a0, 0, 24, 1>, $time {0 0 0};
    %delay 18, 0;
    %pushi/vec4 8, 0, 5;
    %store/vec4 v0x5cb31a94ebd0_0, 0, 5;
    %pushi/vec4 434, 0, 32;
    %store/vec4 v0x5cb31a94ecb0_0, 0, 32;
    %fork TD_test.push, S_0x5cb31a94e9d0;
    %join;
    %delay 2, 0;
    %vpi_call/w 3 104 "$display", "baud : div = %d | time = %d ", &APV<v0x5cb31a94e0a0, 3, 0, 9>, $time {0 0 0};
    %delay 18, 0;
    %pushi/vec4 12, 0, 5;
    %store/vec4 v0x5cb31a94ebd0_0, 0, 5;
    %pushi/vec4 17, 0, 32;
    %store/vec4 v0x5cb31a94ecb0_0, 0, 32;
    %fork TD_test.push, S_0x5cb31a94e9d0;
    %join;
    %end;
    .thread T_58;
    .scope S_0x5cb31a953d20;
T_59 ;
    %wait E_0x5cb31a949e90;
    %load/vec4 v0x5cb31a954cf0_0;
    %flag_set/vec4 9;
    %flag_get/vec4 9;
    %jmp/0 T_59.2, 9;
    %load/vec4 v0x5cb31a954c50_0;
    %and;
T_59.2;
    %flag_set/vec4 8;
    %jmp/0xz  T_59.0, 8;
    %load/vec4 v0x5cb31a954320_0;
    %pad/u 5;
    %ix/vec4 4;
    %load/vec4a v0x5cb31a954de0, 4;
    %assign/vec4 v0x5cb31a954800_0, 0;
T_59.0 ;
    %jmp T_59;
    .thread T_59;
    .scope S_0x5cb31a953d20;
T_60 ;
    %wait E_0x5cb31a94ff60;
    %load/vec4 v0x5cb31a954f70_0;
    %flag_set/vec4 9;
    %flag_get/vec4 9;
    %jmp/0 T_60.2, 9;
    %load/vec4 v0x5cb31a954e80_0;
    %and;
T_60.2;
    %flag_set/vec4 8;
    %jmp/0xz  T_60.0, 8;
    %load/vec4 v0x5cb31a9546f0_0;
    %load/vec4 v0x5cb31a954400_0;
    %pad/u 5;
    %ix/vec4 3;
    %ix/load 4, 0, 0; Constant delay
    %assign/vec4/a/d v0x5cb31a954de0, 0, 4;
T_60.0 ;
    %jmp T_60;
    .thread T_60;
    .scope S_0x5cb31a951e30;
T_61 ;
    %wait E_0x5cb31a9500d0;
    %load/vec4 v0x5cb31a9528c0_0;
    %flag_set/vec4 8;
    %jmp/0xz  T_61.0, 8;
    %pushi/vec4 0, 0, 4;
    %assign/vec4 v0x5cb31a9526e0_0, 0;
    %jmp T_61.1;
T_61.0 ;
    %load/vec4 v0x5cb31a952cd0_0;
    %flag_set/vec4 9;
    %flag_get/vec4 9;
    %jmp/0 T_61.4, 9;
    %load/vec4 v0x5cb31a952c00_0;
    %and;
T_61.4;
    %flag_set/vec4 8;
    %jmp/0xz  T_61.2, 8;
    %load/vec4 v0x5cb31a9526e0_0;
    %addi 1, 0, 4;
    %assign/vec4 v0x5cb31a9526e0_0, 0;
T_61.2 ;
T_61.1 ;
    %jmp T_61;
    .thread T_61;
    .scope S_0x5cb31a952dc0;
T_62 ;
    %wait E_0x5cb31a94fed0;
    %load/vec4 v0x5cb31a953800_0;
    %flag_set/vec4 8;
    %jmp/0xz  T_62.0, 8;
    %pushi/vec4 0, 0, 4;
    %assign/vec4 v0x5cb31a953620_0, 0;
    %jmp T_62.1;
T_62.0 ;
    %load/vec4 v0x5cb31a953bd0_0;
    %flag_set/vec4 9;
    %flag_get/vec4 9;
    %jmp/0 T_62.4, 9;
    %load/vec4 v0x5cb31a953b30_0;
    %and;
T_62.4;
    %flag_set/vec4 8;
    %jmp/0xz  T_62.2, 8;
    %load/vec4 v0x5cb31a953620_0;
    %addi 1, 0, 4;
    %assign/vec4 v0x5cb31a953620_0, 0;
T_62.2 ;
T_62.1 ;
    %jmp T_62;
    .thread T_62;
    .scope S_0x5cb31a94f830;
T_63 ;
    %wait E_0x5cb31a9500d0;
    %load/vec4 v0x5cb31a950760_0;
    %flag_set/vec4 8;
    %jmp/0xz  T_63.0, 8;
    %pushi/vec4 0, 0, 4;
    %assign/vec4 v0x5cb31a950a60_0, 0;
    %pushi/vec4 0, 0, 4;
    %assign/vec4 v0x5cb31a950b40_0, 0;
    %jmp T_63.1;
T_63.0 ;
    %load/vec4 v0x5cb31a950de0_0;
    %assign/vec4 v0x5cb31a950a60_0, 0;
    %load/vec4 v0x5cb31a950a60_0;
    %assign/vec4 v0x5cb31a950b40_0, 0;
T_63.1 ;
    %jmp T_63;
    .thread T_63;
    .scope S_0x5cb31a94f830;
T_64 ;
    %wait E_0x5cb31a950070;
    %load/vec4 v0x5cb31a950b40_0;
    %parti/s 1, 3, 3;
    %ix/load 4, 3, 0;
    %flag_set/imm 4, 0;
    %store/vec4 v0x5cb31a950420_0, 4, 1;
    %pushi/vec4 2, 0, 32;
    %store/vec4 v0x5cb31a951160_0, 0, 32;
T_64.0 ;
    %load/vec4 v0x5cb31a951160_0;
    %cmpi/s 0, 0, 32;
    %flag_inv 5; GE is !LT
    %jmp/0xz T_64.1, 5;
    %load/vec4 v0x5cb31a950420_0;
    %load/vec4 v0x5cb31a951160_0;
    %addi 1, 0, 32;
    %part/s 1;
    %load/vec4 v0x5cb31a950b40_0;
    %load/vec4 v0x5cb31a951160_0;
    %part/s 1;
    %xor;
    %ix/getv/s 4, v0x5cb31a951160_0;
    %store/vec4 v0x5cb31a950420_0, 4, 1;
    %load/vec4 v0x5cb31a951160_0;
    %subi 1, 0, 32;
    %store/vec4 v0x5cb31a951160_0, 0, 32;
    %jmp T_64.0;
T_64.1 ;
    %jmp T_64;
    .thread T_64, $push;
    .scope S_0x5cb31a94f830;
T_65 ;
    %wait E_0x5cb31a94ffc0;
    %load/vec4 v0x5cb31a950220_0;
    %load/vec4 v0x5cb31a951620_0;
    %flag_set/vec4 8;
    %flag_get/vec4 8;
    %jmp/0 T_65.0, 8;
    %load/vec4 v0x5cb31a951560_0;
    %and;
T_65.0;
    %pad/u 4;
    %add;
    %store/vec4 v0x5cb31a950360_0, 0, 4;
    %load/vec4 v0x5cb31a950360_0;
    %load/vec4 v0x5cb31a950360_0;
    %ix/load 4, 1, 0;
    %flag_set/imm 4, 0;
    %shiftr 4;
    %xor;
    %store/vec4 v0x5cb31a951080_0, 0, 4;
    %jmp T_65;
    .thread T_65, $push;
    .scope S_0x5cb31a94f830;
T_66 ;
    %wait E_0x5cb31a94ff60;
    %load/vec4 v0x5cb31a951080_0;
    %load/vec4 v0x5cb31a950b40_0;
    %parti/s 2, 2, 3;
    %inv;
    %load/vec4 v0x5cb31a950b40_0;
    %parti/s 2, 0, 2;
    %concat/vec4; draw_concat_vec4
    %cmp/e;
    %flag_get/vec4 4;
    %assign/vec4 v0x5cb31a9509a0_0, 0;
    %jmp T_66;
    .thread T_66;
    .scope S_0x5cb31a94f830;
T_67 ;
    %wait E_0x5cb31a94ff60;
    %pushi/vec4 6, 0, 32;
    %load/vec4 v0x5cb31a950220_0;
    %pad/u 32;
    %load/vec4 v0x5cb31a950420_0;
    %pad/u 32;
    %sub;
    %cmp/u;
    %flag_get/vec4 4;
    %flag_get/vec4 5;
    %or;
    %assign/vec4 v0x5cb31a9513e0_0, 0;
    %jmp T_67;
    .thread T_67;
    .scope S_0x5cb31a94f830;
T_68 ;
    %wait E_0x5cb31a94ff60;
    %load/vec4 v0x5cb31a9508e0_0;
    %flag_set/vec4 9;
    %flag_get/vec4 9;
    %jmp/0 T_68.1, 9;
    %load/vec4 v0x5cb31a9509a0_0;
    %nor/r;
    %and;
T_68.1;
    %flag_set/vec4 8;
    %flag_get/vec4 8;
    %jmp/0 T_68.0, 8;
    %load/vec4 v0x5cb31a9513e0_0;
    %nor/r;
    %and;
T_68.0;
    %assign/vec4 v0x5cb31a951620_0, 0;
    %jmp T_68;
    .thread T_68;
    .scope S_0x5cb31a94f830;
T_69 ;
    %wait E_0x5cb31a94fed0;
    %load/vec4 v0x5cb31a950760_0;
    %flag_set/vec4 8;
    %jmp/0xz  T_69.0, 8;
    %pushi/vec4 0, 0, 4;
    %assign/vec4 v0x5cb31a950d00_0, 0;
    %pushi/vec4 0, 0, 4;
    %assign/vec4 v0x5cb31a950c20_0, 0;
    %jmp T_69.1;
T_69.0 ;
    %load/vec4 v0x5cb31a950ec0_0;
    %assign/vec4 v0x5cb31a950d00_0, 0;
    %load/vec4 v0x5cb31a950d00_0;
    %assign/vec4 v0x5cb31a950c20_0, 0;
T_69.1 ;
    %jmp T_69;
    .thread T_69;
    .scope S_0x5cb31a94f830;
T_70 ;
    %wait E_0x5cb31a94fe70;
    %load/vec4 v0x5cb31a950c20_0;
    %parti/s 1, 3, 3;
    %ix/load 4, 3, 0;
    %flag_set/imm 4, 0;
    %store/vec4 v0x5cb31a950500_0, 4, 1;
    %pushi/vec4 2, 0, 32;
    %store/vec4 v0x5cb31a951240_0, 0, 32;
T_70.0 ;
    %load/vec4 v0x5cb31a951240_0;
    %cmpi/s 0, 0, 32;
    %flag_inv 5; GE is !LT
    %jmp/0xz T_70.1, 5;
    %load/vec4 v0x5cb31a950500_0;
    %load/vec4 v0x5cb31a951240_0;
    %addi 1, 0, 32;
    %part/s 1;
    %load/vec4 v0x5cb31a950c20_0;
    %load/vec4 v0x5cb31a951240_0;
    %part/s 1;
    %xor;
    %ix/getv/s 4, v0x5cb31a951240_0;
    %store/vec4 v0x5cb31a950500_0, 4, 1;
    %load/vec4 v0x5cb31a951240_0;
    %subi 1, 0, 32;
    %store/vec4 v0x5cb31a951240_0, 0, 32;
    %jmp T_70.0;
T_70.1 ;
    %jmp T_70;
    .thread T_70, $push;
    .scope S_0x5cb31a94f830;
T_71 ;
    %wait E_0x5cb31a94fe10;
    %load/vec4 v0x5cb31a950180_0;
    %addi 1, 0, 4;
    %store/vec4 v0x5cb31a9502c0_0, 0, 4;
    %load/vec4 v0x5cb31a9502c0_0;
    %load/vec4 v0x5cb31a9502c0_0;
    %ix/load 4, 1, 0;
    %flag_set/imm 4, 0;
    %shiftr 4;
    %xor;
    %store/vec4 v0x5cb31a950fa0_0, 0, 4;
    %jmp T_71;
    .thread T_71, $push;
    .scope S_0x5cb31a94f830;
T_72 ;
    %wait E_0x5cb31a949e90;
    %load/vec4 v0x5cb31a950de0_0;
    %load/vec4 v0x5cb31a950c20_0;
    %cmp/e;
    %flag_get/vec4 4;
    %assign/vec4 v0x5cb31a950820_0, 0;
    %jmp T_72;
    .thread T_72;
    .scope S_0x5cb31a94f830;
T_73 ;
    %wait E_0x5cb31a949e90;
    %load/vec4 v0x5cb31a950500_0;
    %pad/u 32;
    %load/vec4 v0x5cb31a950180_0;
    %pad/u 32;
    %sub;
    %cmpi/u 2, 0, 32;
    %flag_get/vec4 4;
    %flag_get/vec4 5;
    %or;
    %assign/vec4 v0x5cb31a951320_0, 0;
    %jmp T_73;
    .thread T_73;
    .scope S_0x5cb31a94f830;
T_74 ;
    %wait E_0x5cb31a949e90;
    %load/vec4 v0x5cb31a9508e0_0;
    %flag_set/vec4 9;
    %flag_get/vec4 9;
    %jmp/0 T_74.1, 9;
    %load/vec4 v0x5cb31a950820_0;
    %nor/r;
    %and;
T_74.1;
    %flag_set/vec4 8;
    %flag_get/vec4 8;
    %jmp/0 T_74.0, 8;
    %load/vec4 v0x5cb31a951320_0;
    %nor/r;
    %and;
T_74.0;
    %assign/vec4 v0x5cb31a9514a0_0, 0;
    %jmp T_74;
    .thread T_74;
# The file index is used to find the file name in the following table.
:file_names 17;
    "N/A";
    "<interactive>";
    "-";
    "../../tb/tb.v";
    "apb_uart.v";
    "../uart/rx/top_rx.v";
    "../uart/rx/control_rx.v";
    "../uart/rx/data_rx.v";
    "../uart/tx/fifo_top.v";
    "../uart/tx/fifo_control.v";
    "../uart/tx/fifo.v";
    "../uart/tx/top_tx.v";
    "../uart/tx/control_tx.v";
    "../uart/tx/data_tx.v";
    "../uart/rx/fifo_top.v";
    "../uart/rx/fifo_control.v";
    "../uart/rx/fifo.v";
